{
  "checkpoint": "results/incremental/rl_reachability_debug/run20_full_goal_recomputed_teacher_penalty10_b8_u250/privileged_full_ppo_progress_terminal_n4096_seed0/latest.pt",
  "history_first": {
    "action_l2_mean": 0.5864838250599632,
    "action_saturation": 0.0202880859375,
    "clip_fraction": 0.15819498954806477,
    "elapsed_s": 7.803989268839359,
    "entropy": 1.2488938371340434,
    "explained_variance": 0.0004801154136657715,
    "global_step": 40960,
    "goal_reach_rate_eps": 0.0,
    "mean_distance": 8.390327116778813,
    "mean_initial_distance": 7.172654522851516,
    "mean_return_per_step": -1.7204041935719032,
    "mean_terminal_distance": 10.122540034397389,
    "nan_count": 0,
    "policy_kl": 0.011209113688285774,
    "policy_loss": -0.00902024497433255,
    "reset_state_l2_recent_mean": 0.0,
    "teacher_action_mae": 0.4131616427508334,
    "update": 1,
    "value_loss": 499.06383260091144
  },
  "history_last": {
    "action_l2_mean": 0.7217609512668333,
    "action_saturation": 0.0523193359375,
    "clip_fraction": 0.22532552434131503,
    "elapsed_s": 2017.6697445588652,
    "entropy": -2.883363366127014,
    "explained_variance": 0.8588627874851227,
    "global_step": 10240000,
    "goal_reach_rate_eps": 0.0,
    "mean_distance": 11.346762621844665,
    "mean_initial_distance": 19.08530609308218,
    "mean_return_per_step": 1.0635295965239493,
    "mean_terminal_distance": 2.824318755049262,
    "nan_count": 0,
    "policy_kl": 0.01746535850300764,
    "policy_loss": 0.001773878534246857,
    "reset_state_l2_recent_mean": 0.0,
    "teacher_action_mae": 0.2801372600153854,
    "update": 250,
    "value_loss": 5.313775638739268
  },
  "initial_eval": {
    "action_l2_mean": 0.007264925765272512,
    "action_saturation": 0.0,
    "distance_reduction_mean": 6.971542835235596,
    "fraction_improved_from_start": 0.75592041015625,
    "goal_reach_rate_eps": 0.008880615234375,
    "initial_distance_mean": 14.408127784729004,
    "local_episodes": 32768,
    "p50_terminal_distance": 4.970541954040527,
    "p90_terminal_distance": 15.24006462097168,
    "p99_terminal_distance": 50.00022506713867,
    "reset_state_l2_mean": 0.0,
    "terminal_distance_mean": 7.436583518981934
  },
  "recipe": {
    "action_dim": 3,
    "bc_low_checkpoint": null,
    "clip_coef": 0.2,
    "dataset": "/home/digarcia/Desktop/hierarchical_control_from_latent_poc/data/rl_rerun/pusht_vector_state_demos_n4096_b8.h5",
    "distance_progress_weight": 1.0,
    "dpsi_checkpoint": null,
    "dpsi_target_scale": 1000.0,
    "entropy_coef": 0.0,
    "gae_lambda": 0.95,
    "gamma": 0.99,
    "goal_dim": 28,
    "goal_type": "full",
    "horizon": 10,
    "init_checkpoint": null,
    "init_global_step": 0,
    "init_history_updates": 0,
    "initial_logstd": -1.0,
    "learning_rate": 0.0003,
    "max_grad_norm": 1.0,
    "minibatch_size": 5120,
    "normalizer_fit_actions": 1966080,
    "normalizer_fit_goals": 16711680,
    "normalizer_fit_states": 1998848,
    "num_envs": 4096,
    "num_minibatches": 8,
    "recompute_held_goal_features": true,
    "reward": "progress_terminal",
    "reward_distance_source": "true_goal",
    "reward_mode": "progress_terminal",
    "run": "rl_reachability_debug_run2_privileged_tcp_scratch_ppo",
    "samples_per_update": 40960,
    "state_dim": 31,
    "success_epsilon": 0.0025,
    "teacher_action_penalty_weight": 1.0,
    "terminal_weight": 1.0,
    "total_env_steps": 10240000,
    "update_epochs": 3,
    "updates": 250,
    "value_coef": 1.0
  },
  "trained_eval": {
    "action_l2_mean": 0.5276632661238171,
    "action_saturation": 0.0157257080078125,
    "distance_reduction_mean": 12.9378662109375,
    "fraction_improved_from_start": 0.968780517578125,
    "goal_reach_rate_eps": 0.0009765625,
    "initial_distance_mean": 14.408127784729004,
    "local_episodes": 32768,
    "p50_terminal_distance": 0.6708303689956665,
    "p90_terminal_distance": 2.967653751373291,
    "p99_terminal_distance": 16.519542694091797,
    "reset_state_l2_mean": 0.0,
    "terminal_distance_mean": 1.470260500907898
  },
  "trained_shuffled_goal_eval": {
    "action_l2_mean": 0.5458325921736865,
    "action_saturation": 0.0100494384765625,
    "distance_reduction_mean": 9.908878326416016,
    "fraction_improved_from_start": 0.810089111328125,
    "goal_reach_rate_eps": 0.0,
    "initial_distance_mean": 14.408127784729004,
    "local_episodes": 32768,
    "p50_terminal_distance": 3.2719597816467285,
    "p90_terminal_distance": 8.318239212036133,
    "p99_terminal_distance": 29.092472076416016,
    "reset_state_l2_mean": 0.0,
    "terminal_distance_mean": 4.499248027801514
  }
}