{
  "checkpoint": "results/incremental/rl_reachability_debug/run12_object_pose_teacher_penalty03_b8_u250/privileged_object_pose_ppo_progress_terminal_n4096_seed0/latest.pt",
  "history_first": {
    "action_l2_mean": 0.5865146001235985,
    "action_saturation": 0.0202392578125,
    "clip_fraction": 0.07584635469053562,
    "elapsed_s": 7.863423684146255,
    "entropy": 1.2471755544344585,
    "explained_variance": -1.201415777206421,
    "global_step": 40960,
    "goal_reach_rate_eps": 0.45751953125,
    "mean_distance": 0.026247499379384892,
    "mean_initial_distance": 0.018525052739640054,
    "mean_return_per_step": -0.12919036674424547,
    "mean_terminal_distance": 0.03594519428645379,
    "nan_count": 0,
    "policy_kl": 0.006102896940622789,
    "policy_loss": -0.006560315810929751,
    "reset_state_l2_recent_mean": 0.0,
    "teacher_action_mae": 0.412846093897565,
    "update": 1,
    "value_loss": 0.08504835640390714
  },
  "history_last": {
    "action_l2_mean": 0.8898186262851141,
    "action_saturation": 0.2864013671875,
    "clip_fraction": 0.20024414205302796,
    "elapsed_s": 2021.598154831212,
    "entropy": -2.5579580465952554,
    "explained_variance": 0.7622759342193604,
    "global_step": 10240000,
    "goal_reach_rate_eps": 0.162109375,
    "mean_distance": 0.6021850897971452,
    "mean_initial_distance": 1.0542191918024577,
    "mean_return_per_step": 0.02188089892449625,
    "mean_terminal_distance": 0.14227162739828436,
    "nan_count": 0,
    "policy_kl": 0.015541204678205153,
    "policy_loss": -0.0009336273069493473,
    "reset_state_l2_recent_mean": 0.0,
    "teacher_action_mae": 0.1836223087110625,
    "update": 250,
    "value_loss": 0.06006074712301294
  },
  "initial_eval": {
    "action_l2_mean": 0.005691805457176536,
    "action_saturation": 0.0,
    "distance_reduction_mean": 0.0206591933965683,
    "fraction_improved_from_start": 0.625823974609375,
    "goal_reach_rate_eps": 0.240997314453125,
    "initial_distance_mean": 0.5896885991096497,
    "local_episodes": 32768,
    "p50_terminal_distance": 0.13569185137748718,
    "p90_terminal_distance": 1.9495702981948853,
    "p99_terminal_distance": 3.282142400741577,
    "reset_state_l2_mean": 0.0,
    "terminal_distance_mean": 0.5690294504165649
  },
  "recipe": {
    "action_dim": 3,
    "bc_low_checkpoint": null,
    "clip_coef": 0.2,
    "dataset": "/home/digarcia/Desktop/hierarchical_control_from_latent_poc/data/rl_rerun/pusht_vector_state_demos_n4096_b8.h5",
    "distance_progress_weight": 1.0,
    "dpsi_checkpoint": null,
    "dpsi_target_scale": 1000.0,
    "entropy_coef": 0.0,
    "gae_lambda": 0.95,
    "gamma": 0.99,
    "goal_dim": 4,
    "goal_type": "object_pose",
    "horizon": 10,
    "init_checkpoint": null,
    "init_global_step": 0,
    "init_history_updates": 0,
    "initial_logstd": -1.0,
    "learning_rate": 0.0003,
    "max_grad_norm": 1.0,
    "minibatch_size": 5120,
    "normalizer_fit_actions": 1966080,
    "normalizer_fit_goals": 1671168,
    "normalizer_fit_states": 1998848,
    "num_envs": 4096,
    "num_minibatches": 8,
    "reward": "progress_terminal",
    "reward_distance_source": "true_goal",
    "reward_mode": "progress_terminal",
    "run": "rl_reachability_debug_run2_privileged_tcp_scratch_ppo",
    "samples_per_update": 40960,
    "state_dim": 31,
    "success_epsilon": 0.0025,
    "teacher_action_penalty_weight": 0.3,
    "terminal_weight": 1.0,
    "total_env_steps": 10240000,
    "update_epochs": 3,
    "updates": 250,
    "value_coef": 1.0
  },
  "trained_eval": {
    "action_l2_mean": 0.669539119136011,
    "action_saturation": 0.1671295166015625,
    "distance_reduction_mean": 0.5470821857452393,
    "fraction_improved_from_start": 0.8416748046875,
    "goal_reach_rate_eps": 0.470245361328125,
    "initial_distance_mean": 0.5896885991096497,
    "local_episodes": 32768,
    "p50_terminal_distance": 0.0031882603652775288,
    "p90_terminal_distance": 0.07898323982954025,
    "p99_terminal_distance": 0.838467538356781,
    "reset_state_l2_mean": 0.0,
    "terminal_distance_mean": 0.042606424540281296
  },
  "trained_shuffled_goal_eval": {
    "action_l2_mean": 0.6732280986576654,
    "action_saturation": 0.18409423828125,
    "distance_reduction_mean": 0.32841214537620544,
    "fraction_improved_from_start": 0.722869873046875,
    "goal_reach_rate_eps": 0.361572265625,
    "initial_distance_mean": 0.5896885991096497,
    "local_episodes": 32768,
    "p50_terminal_distance": 0.011328289285302162,
    "p90_terminal_distance": 0.7467079758644104,
    "p99_terminal_distance": 3.565142869949341,
    "reset_state_l2_mean": 0.0,
    "terminal_distance_mean": 0.2612764239311218
  }
}