{
  "checkpoint": "results/incremental/rl_reachability_debug/run22_full_goal_recomputed_penalty10_continue2_u1000/privileged_full_ppo_progress_terminal_n4096_seed0/latest.pt",
  "history_first": {
    "action_l2_mean": 0.34001689394741563,
    "action_saturation": 0.0006591796875,
    "clip_fraction": 0.3911295620103677,
    "elapsed_s": 7.658302939031273,
    "entropy": -6.749668796857198,
    "explained_variance": 0.9932679790072143,
    "global_step": 51240960,
    "goal_reach_rate_eps": 0.002685546875,
    "mean_distance": 4.756931418545441,
    "mean_initial_distance": 7.172654522851516,
    "mean_return_per_step": 0.5686783245425999,
    "mean_terminal_distance": 0.22708643329954725,
    "nan_count": 0,
    "policy_kl": 0.0431695026345551,
    "policy_loss": 0.01858232216424464,
    "reset_state_l2_recent_mean": 0.0,
    "teacher_action_mae": 0.10316984123678878,
    "update": 1,
    "value_loss": 0.12406071151296298
  },
  "history_last": {
    "action_l2_mean": 0.2615286864628558,
    "action_saturation": 0.0007568359375,
    "clip_fraction": 0.38959961632887524,
    "elapsed_s": 8381.605129000964,
    "entropy": -7.120405733585358,
    "explained_variance": 0.9839037004858255,
    "global_step": 92160000,
    "goal_reach_rate_eps": 0.01513671875,
    "mean_distance": 2.5723318045865695,
    "mean_initial_distance": 4.811374684818581,
    "mean_return_per_step": 0.3623839088254385,
    "mean_terminal_distance": 0.17550734570245652,
    "nan_count": 0,
    "policy_kl": 0.04479196512450775,
    "policy_loss": 0.015527000311218822,
    "reset_state_l2_recent_mean": 0.0,
    "teacher_action_mae": 0.08365209018343193,
    "update": 1000,
    "value_loss": 0.1395413571347793
  },
  "initial_eval": {
    "action_l2_mean": 0.5367184873685762,
    "action_saturation": 0.0096160888671875,
    "distance_reduction_mean": 12.533706665039062,
    "fraction_improved_from_start": 0.97637939453125,
    "goal_reach_rate_eps": 0.00848388671875,
    "initial_distance_mean": 14.408127784729004,
    "local_episodes": 32768,
    "p50_terminal_distance": 0.5893455743789673,
    "p90_terminal_distance": 2.942272663116455,
    "p99_terminal_distance": 30.008089065551758,
    "reset_state_l2_mean": 0.0,
    "terminal_distance_mean": 1.8744193315505981
  },
  "recipe": {
    "action_dim": 3,
    "bc_low_checkpoint": null,
    "clip_coef": 0.2,
    "dataset": "/home/digarcia/Desktop/hierarchical_control_from_latent_poc/data/rl_rerun/pusht_vector_state_demos_n4096_b8.h5",
    "distance_progress_weight": 1.0,
    "dpsi_checkpoint": null,
    "dpsi_target_scale": 1000.0,
    "entropy_coef": 0.0,
    "gae_lambda": 0.95,
    "gamma": 0.99,
    "goal_dim": 28,
    "goal_type": "full",
    "horizon": 10,
    "init_checkpoint": "results/incremental/rl_reachability_debug/run21_full_goal_recomputed_penalty10_continue_u1000/privileged_full_ppo_progress_terminal_n4096_seed0/latest.pt",
    "init_global_step": 51200000,
    "init_history_updates": 1000,
    "initial_logstd": -1.0,
    "learning_rate": 0.0003,
    "max_grad_norm": 1.0,
    "minibatch_size": 5120,
    "normalizer_fit_actions": 1966080,
    "normalizer_fit_goals": 16711680,
    "normalizer_fit_states": 1998848,
    "num_envs": 4096,
    "num_minibatches": 8,
    "recompute_held_goal_features": true,
    "reward": "progress_terminal",
    "reward_distance_source": "true_goal",
    "reward_mode": "progress_terminal",
    "run": "rl_reachability_debug_run2_privileged_tcp_scratch_ppo",
    "samples_per_update": 40960,
    "state_dim": 31,
    "success_epsilon": 0.0025,
    "teacher_action_penalty_weight": 1.0,
    "terminal_weight": 1.0,
    "total_env_steps": 40960000,
    "update_epochs": 3,
    "updates": 1000,
    "value_coef": 1.0
  },
  "trained_eval": {
    "action_l2_mean": 0.5382105369161472,
    "action_saturation": 0.0050445556640625,
    "distance_reduction_mean": 12.906366348266602,
    "fraction_improved_from_start": 0.98443603515625,
    "goal_reach_rate_eps": 0.026824951171875,
    "initial_distance_mean": 14.408127784729004,
    "local_episodes": 32768,
    "p50_terminal_distance": 0.5153647661209106,
    "p90_terminal_distance": 2.7938520908355713,
    "p99_terminal_distance": 20.583208084106445,
    "reset_state_l2_mean": 0.0,
    "terminal_distance_mean": 1.501760482788086
  },
  "trained_shuffled_goal_eval": {
    "action_l2_mean": 0.5498962677883625,
    "action_saturation": 0.0053131103515625,
    "distance_reduction_mean": 9.972555160522461,
    "fraction_improved_from_start": 0.816436767578125,
    "goal_reach_rate_eps": 6.103515625e-05,
    "initial_distance_mean": 14.408127784729004,
    "local_episodes": 32768,
    "p50_terminal_distance": 3.1201090812683105,
    "p90_terminal_distance": 7.865372657775879,
    "p99_terminal_distance": 32.7370719909668,
    "reset_state_l2_mean": 0.0,
    "terminal_distance_mean": 4.43557071685791
  }
}