{
  "episodes": 4,
  "horizon": 10,
  "metrics": {
    "current_flat_state_error": {
      "max": 1.1920928955078125e-07,
      "mean": 1.1920928955078125e-07,
      "median": 1.1920928955078125e-07
    },
    "current_frame_mse": {
      "max": 6.623313765885541e-06,
      "mean": 3.249745443050897e-07,
      "median": 4.0535154601645505e-18
    },
    "current_obs_state_error": {
      "max": 4.76837158203125e-07,
      "mean": 2.3141148544493176e-07,
      "median": 1.1920928955078125e-07
    },
    "future_flat_state_error": {
      "max": 1.5713698863983154,
      "mean": 0.2961899952164718,
      "median": 0.15517985820770264
    },
    "future_frame_mse": {
      "max": 0.2463710755109787,
      "mean": 0.0653776164344024,
      "median": 0.0441528856754303
    },
    "future_goal_l2": {
      "max": 20.127883911132812,
      "mean": 9.589139989444188,
      "median": 8.473828315734863
    },
    "future_obs_state_error": {
      "max": 0.9812116622924805,
      "mean": 0.1874423548579216,
      "median": 0.05042479559779167
    },
    "future_reward_error": {
      "max": 0.6757303476333618,
      "mean": 0.06499263147513072,
      "median": 0.00012217462062835693
    },
    "teacher_action_error": {
      "max": 1.7611130260775099e-06,
      "mean": 6.339597734814734e-07,
      "median": 5.495276695910434e-07
    }
  },
  "num_envs": 4,
  "replan_count": 21,
  "replan_steps": [
    0,
    0,
    0,
    0,
    10,
    10,
    10,
    10,
    20,
    20,
    20,
    30,
    30,
    30,
    40,
    40,
    50,
    60,
    70,
    80,
    90
  ],
  "seed_start": 51000,
  "update_period": 10
}