{
  "base_policy": "deterministic",
  "checkpoint": "artifacts/rl_rerun/local_r3/n500/seed1/aligned10_n4096_lr1e5_bc1_1m/checkpoints/step_000614400.pt",
  "disturbance_family": null,
  "disturbed": false,
  "episodes": 100,
  "eval_seed_start": 50000,
  "final_reward_delta": 0.011694442890584411,
  "frozen": {
    "action_saturation_rate": 0.04738216639721428,
    "branch_generation_latency_per_replan_s": 0.24405388351040083,
    "branch_goal_l2_mean": 27.571147216238625,
    "episode_final_reward": [
      1.0,
      0.3404043912887573,
      0.32680544257164,
      0.21577700972557068,
      1.0,
      0.3275487720966339,
      1.0,
      0.3363259434700012,
      0.2231663465499878,
      0.33548063039779663,
      0.32726311683654785,
      1.0,
      0.315267413854599,
      1.0,
      0.16279533505439758,
      1.0,
      1.0,
      1.0,
      0.15543445944786072,
      0.18563523888587952,
      1.0,
      1.0,
      1.0,
      0.16457688808441162,
      0.32800716161727905,
      0.28215840458869934,
      0.3340308368206024,
      0.3371292054653168,
      0.33312514424324036,
      0.16198241710662842,
      0.3412373960018158,
      0.30886903405189514,
      0.33619624376296997,
      0.3226352334022522,
      1.0,
      1.0,
      1.0,
      1.0,
      0.19501566886901855,
      0.1751663088798523,
      1.0,
      0.3218035399913788,
      0.3317345976829529,
      1.0,
      0.18770501017570496,
      0.014016556553542614,
      1.0,
      1.0,
      0.3101738393306732,
      0.3158760666847229,
      1.0,
      0.18719099462032318,
      0.31478336453437805,
      0.2639499306678772,
      1.0,
      0.2859531044960022,
      0.3148224949836731,
      0.1966782510280609,
      0.08710148185491562,
      0.11622573435306549,
      1.0,
      0.32887357473373413,
      0.33167004585266113,
      0.1437508910894394,
      1.0,
      0.32583481073379517,
      0.32502883672714233,
      1.0,
      1.0,
      0.32450443506240845,
      1.0,
      0.3328999876976013,
      1.0,
      0.33074504137039185,
      0.1435384601354599,
      0.309008926153183,
      0.06659732013940811,
      1.0,
      1.0,
      0.3065052032470703,
      0.1308610886335373,
      0.3182695806026459,
      1.0,
      0.1292310357093811,
      1.0,
      1.0,
      0.342725932598114,
      1.0,
      0.3174515962600708,
      1.0,
      0.3213837146759033,
      0.3361233174800873,
      1.0,
      0.33634138107299805,
      0.33270227909088135,
      0.180301234126091,
      1.0,
      1.0,
      0.3289349377155304,
      0.32563701272010803
    ],
    "episode_max_reward": [
      1.0,
      0.3452994227409363,
      0.32777097821235657,
      0.23709844052791595,
      1.0,
      0.3275487720966339,
      1.0,
      0.3367201089859009,
      0.23091205954551697,
      0.3406713902950287,
      0.3373507261276245,
      1.0,
      0.32450616359710693,
      1.0,
      0.2798924446105957,
      1.0,
      1.0,
      1.0,
      0.2882309556007385,
      0.2842446565628052,
      1.0,
      1.0,
      1.0,
      0.24066579341888428,
      0.3281058073043823,
      0.28321629762649536,
      0.34106624126434326,
      0.3419620990753174,
      0.33331498503685,
      0.16332292556762695,
      0.34574413299560547,
      0.31612107157707214,
      0.3371865749359131,
      0.32952380180358887,
      1.0,
      1.0,
      1.0,
      1.0,
      0.19501566886901855,
      0.18452666699886322,
      1.0,
      0.322052538394928,
      0.3318159878253937,
      1.0,
      0.19351327419281006,
      0.07778293639421463,
      1.0,
      1.0,
      0.32521140575408936,
      0.3159880042076111,
      1.0,
      0.2822141647338867,
      0.3150198459625244,
      0.26638263463974,
      1.0,
      0.29258841276168823,
      0.32686662673950195,
      0.19866013526916504,
      0.13821819424629211,
      0.2674112319946289,
      1.0,
      0.33281922340393066,
      0.3332258462905884,
      0.14633703231811523,
      1.0,
      0.3272046446800232,
      0.32502883672714233,
      1.0,
      1.0,
      0.3259764313697815,
      1.0,
      0.3331160247325897,
      1.0,
      0.3311135768890381,
      0.14652208983898163,
      0.3249575197696686,
      0.19138221442699432,
      1.0,
      1.0,
      0.3370310664176941,
      0.28786197304725647,
      0.3197469115257263,
      1.0,
      0.1316443383693695,
      1.0,
      1.0,
      0.342725932598114,
      1.0,
      0.3196360468864441,
      1.0,
      0.32508260011672974,
      0.3372519910335541,
      1.0,
      0.33634138107299805,
      0.33361029624938965,
      0.1815459430217743,
      1.0,
      1.0,
      0.33964359760284424,
      0.32694166898727417
    ],
    "episode_success": [
      1.0,
      0.0,
      0.0,
      0.0,
      1.0,
      0.0,
      1.0,
      0.0,
      0.0,
      0.0,
      0.0,
      1.0,
      0.0,
      1.0,
      0.0,
      1.0,
      1.0,
      1.0,
      0.0,
      0.0,
      1.0,
      1.0,
      1.0,
      0.0,
      0.0,
      0.0,
      0.0,
      0.0,
      0.0,
      0.0,
      0.0,
      0.0,
      0.0,
      0.0,
      1.0,
      1.0,
      1.0,
      1.0,
      0.0,
      0.0,
      1.0,
      0.0,
      0.0,
      1.0,
      0.0,
      0.0,
      1.0,
      1.0,
      0.0,
      0.0,
      1.0,
      0.0,
      0.0,
      0.0,
      1.0,
      0.0,
      0.0,
      0.0,
      0.0,
      0.0,
      1.0,
      0.0,
      0.0,
      0.0,
      1.0,
      0.0,
      0.0,
      1.0,
      1.0,
      0.0,
      1.0,
      0.0,
      1.0,
      0.0,
      0.0,
      0.0,
      0.0,
      1.0,
      1.0,
      0.0,
      0.0,
      0.0,
      1.0,
      0.0,
      1.0,
      1.0,
      0.0,
      1.0,
      0.0,
      1.0,
      0.0,
      0.0,
      1.0,
      0.0,
      0.0,
      0.0,
      1.0,
      1.0,
      0.0,
      0.0
    ],
    "final_reward": 0.5378896965365857,
    "high_level_decisions_per_episode": 8.2,
    "max_reward": 0.5509049076586962,
    "mean_residual_norm": 0.0,
    "replay_current_state_error_max": 0.0,
    "replay_current_state_error_mean": 0.0,
    "success": 0.37
  },
  "goal_source": "oracle",
  "horizon": 10,
  "max_reward_delta": 0.010283783525228518,
  "n_demo": 500,
  "num_envs": 8,
  "oracle_copy_mode": "replay",
  "recipe": {
    "actor_critic_depth": 2,
    "actor_critic_width": 256,
    "bc_weight": 1.0,
    "clip_coef": 0.2,
    "dataset": "data/rl_rerun/pusht_vector_state_demos_n4096_b2.h5",
    "disallowed_training_signals": [
      "mani_skill_reward",
      "task_success",
      "object_pose",
      "task_progress"
    ],
    "entropy_coef": 0.0,
    "family_dir": "local_r3",
    "gae_lambda": 0.95,
    "gamma": 0.99,
    "horizon": 10,
    "initial_logstd": -4.0,
    "learning_rate": 1e-05,
    "max_grad_norm": 1.0,
    "method": "r3_direct_last_layer_local_mode_a",
    "minibatch_size": 5120,
    "minibatches": 8,
    "n_demo": 500,
    "num_envs": 4096,
    "reward": "latent_progress_minus_terminal_distance_plus_bc_regularization_in_loss",
    "rollout_steps": 10,
    "run_name": "aligned10_n4096_lr1e5_bc1_1m",
    "seed": 1,
    "terminal_weight": 1.0,
    "trainable_scope": "low_policy_final_layer_plus_logstd_and_critic",
    "update_epochs": 4,
    "value_coef": 1.0
  },
  "residual": {
    "action_saturation_rate": 0.048516490513179675,
    "branch_generation_latency_per_replan_s": 0.24993894083927734,
    "branch_goal_l2_mean": 27.42818045111403,