{
  "base_policy": "deterministic",
  "checkpoint": "artifacts/rl_rerun/local_r3/n500/seed0/aligned10_n4096_lr1e5_bc1_1m/checkpoints/step_000409600.pt",
  "disturbance_family": null,
  "disturbed": false,
  "episodes": 100,
  "eval_seed_start": 50000,
  "final_reward_delta": 0.014303925428539421,
  "frozen": {
    "action_saturation_rate": 0.05025,
    "branch_generation_latency_per_replan_s": 0.2340811614623428,
    "branch_goal_l2_mean": 28.076246063157715,
    "episode_final_reward": [
      1.0,
      0.3082641661167145,
      1.0,
      0.3169875144958496,
      0.31186240911483765,
      1.0,
      1.0,
      1.0,
      0.22097185254096985,
      0.33322879672050476,
      0.32621797919273376,
      0.340890496969223,
      0.3320971727371216,
      0.2666468322277069,
      0.19150738418102264,
      1.0,
      1.0,
      1.0,
      0.16684311628341675,
      0.3139384388923645,
      1.0,
      1.0,
      0.3384402394294739,
      0.18676581978797913,
      1.0,
      0.24836651980876923,
      0.015276117250323296,
      1.0,
      0.3269622325897217,
      0.09013231843709946,
      1.0,
      0.08687573671340942,
      0.3092903792858124,
      0.33876967430114746,
      0.292474627494812,
      1.0,
      1.0,
      1.0,
      0.05536855384707451,
      0.03697548434138298,
      1.0,
      1.0,
      0.2942417860031128,
      0.33218294382095337,
      0.15032561123371124,
      0.021281927824020386,
      1.0,
      1.0,
      1.0,
      0.31295090913772583,
      1.0,
      0.1371903121471405,
      0.2134779691696167,
      0.14368033409118652,
      1.0,
      0.22239643335342407,
      0.09816159307956696,
      0.33646219968795776,
      0.17397300899028778,
      0.19594381749629974,
      1.0,
      1.0,
      0.32340121269226074,
      0.15160474181175232,
      0.31892895698547363,
      1.0,
      0.1342911571264267,
      0.2752508223056793,
      1.0,
      0.15872818231582642,
      0.32661110162734985,
      0.19529065489768982,
      0.28897589445114136,
      0.2716945707798004,
      0.15789027512073517,
      0.3005039691925049,
      0.024108674377202988,
      0.3297850787639618,
      1.0,
      1.0,
      0.15046176314353943,
      0.17198029160499573,
      1.0,
      0.19541916251182556,
      0.20494388043880463,
      1.0,
      1.0,
      1.0,
      0.32604557275772095,
      1.0,
      0.3266231417655945,
      1.0,
      0.3027499318122864,
      0.2183995246887207,
      0.2926892042160034,
      0.032359205186367035,
      0.3123248219490051,
      1.0,
      0.32066020369529724,
      0.30896908044815063
    ],
    "episode_max_reward": [
      1.0,
      0.3091549277305603,
      1.0,
      0.3174259066581726,
      0.31287822127342224,
      1.0,
      1.0,
      1.0,
      0.22609952092170715,
      0.3344768285751343,
      0.3335971534252167,
      0.340890496969223,
      0.33439284563064575,
      0.29484283924102783,
      0.277226984500885,
      1.0,
      1.0,
      1.0,
      0.290462464094162,
      0.3215870261192322,
      1.0,
      1.0,
      0.3384402394294739,
      0.23338985443115234,
      1.0,
      0.24982772767543793,
      0.1072247177362442,
      1.0,
      0.32728058099746704,
      0.13226081430912018,
      1.0,
      0.3189796805381775,
      0.32452625036239624,
      0.33876967430114746,
      0.29374101758003235,
      1.0,
      1.0,
      1.0,
      0.06324199587106705,
      0.16836562752723694,
      1.0,
      1.0,
      0.31946104764938354,
      0.33218294382095337,
      0.16312968730926514,
      0.041231073439121246,
      1.0,
      1.0,
      1.0,
      0.3313634395599365,
      1.0,
      0.17175887525081635,
      0.2979387640953064,
      0.31844836473464966,
      1.0,
      0.24234208464622498,
      0.12165245413780212,
      0.3389875292778015,
      0.18850377202033997,
      0.27666813135147095,
      1.0,
      1.0,
      0.32340121269226074,
      0.16940727829933167,
      0.31954067945480347,
      1.0,
      0.27814310789108276,
      0.32775118947029114,
      1.0,
      0.25335654616355896,
      0.32706111669540405,
      0.21743153035640717,
      0.30481863021850586,
      0.3323671221733093,
      0.16208221018314362,
      0.32849597930908203,
      0.18437525629997253,
      0.3322621285915375,
      1.0,
      1.0,
      0.24276599287986755,
      0.3238866329193115,
      1.0,
      0.19762031733989716,
      0.31757551431655884,
      1.0,
      1.0,
      1.0,
      0.3266177773475647,
      1.0,
      0.32929641008377075,
      1.0,
      0.32959088683128357,
      0.28164365887641907,
      0.3019093871116638,
      0.17198817431926727,
      0.3403291404247284,
      1.0,
      0.3347606360912323,
      0.32562682032585144
    ],
    "episode_success": [
      1.0,
      0.0,
      1.0,
      0.0,
      0.0,
      1.0,
      1.0,
      1.0,
      0.0,
      0.0,
      0.0,
      0.0,
      0.0,
      0.0,
      0.0,
      1.0,
      1.0,
      1.0,
      0.0,
      0.0,
      1.0,
      1.0,
      0.0,
      0.0,
      1.0,
      0.0,
      0.0,
      1.0,
      0.0,
      0.0,
      1.0,
      0.0,
      0.0,
      0.0,
      0.0,
      1.0,
      1.0,
      1.0,
      0.0,
      0.0,
      1.0,
      1.0,
      0.0,
      0.0,
      0.0,
      0.0,
      1.0,
      1.0,
      1.0,
      0.0,
      1.0,
      0.0,
      0.0,
      0.0,
      1.0,
      0.0,
      0.0,
      0.0,
      0.0,
      0.0,
      1.0,
      1.0,
      0.0,
      0.0,
      0.0,
      1.0,
      0.0,
      0.0,
      1.0,
      0.0,
      0.0,
      0.0,
      0.0,
      0.0,
      0.0,
      0.0,
      0.0,
      0.0,
      1.0,
      1.0,
      0.0,
      0.0,
      1.0,
      0.0,
      0.0,
      1.0,
      1.0,
      1.0,
      0.0,
      1.0,
      0.0,
      1.0,
      0.0,
      0.0,
      0.0,
      0.0,
      0.0,
      1.0,
      0.0,
      0.0
    ],
    "final_reward": 0.508081137854606,
    "high_level_decisions_per_episode": 8.17,
    "max_reward": 0.5341685689985752,
    "mean_residual_norm": 0.0,
    "replay_current_state_error_max": 0.0,
    "replay_current_state_error_mean": 0.0,
    "success": 0.36
  },
  "goal_source": "oracle",
  "horizon": 10,
  "max_reward_delta": 0.008073380142450293,
  "n_demo": 500,
  "num_envs": 8,
  "oracle_copy_mode": "replay",
  "recipe": {
    "actor_critic_depth": 2,
    "actor_critic_width": 256,
    "bc_weight": 1.0,
    "clip_coef": 0.2,
    "dataset": "data/rl_rerun/pusht_vector_state_demos_n4096_b2.h5",
    "disallowed_training_signals": [
      "mani_skill_reward",
      "task_success",
      "object_pose",
      "task_progress"
    ],
    "entropy_coef": 0.0,
    "family_dir": "local_r3",
    "gae_lambda": 0.95,
    "gamma": 0.99,
    "horizon": 10,
    "initial_logstd": -4.0,
    "learning_rate": 1e-05,
    "max_grad_norm": 1.0,
    "method": "r3_direct_last_layer_local_mode_a",
    "minibatch_size": 5120,
    "minibatches": 8,
    "n_demo": 500,
    "num_envs": 4096,
    "reward": "latent_progress_minus_terminal_distance_plus_bc_regularization_in_loss",
    "rollout_steps": 10,
    "run_name": "aligned10_n4096_lr1e5_bc1_1m",
    "seed": 0,
    "terminal_weight": 1.0,
    "trainable_scope": "low_policy_final_layer_plus_logstd_and_critic",
    "update_epochs": 4,
    "value_coef": 1.0
  },
  "residual": {
    "action_saturation_rate": 0.047705753823743625,
    "branch_generation_latency_per_replan_s": 0.25277328336824717,
    "branch_goal_l2_mean": 27.709158416584366,