{
  "base_policy": "deterministic",
  "checkpoint": "artifacts/rl_rerun/local_r3/n500/seed1/aligned10_n4096_lr1e5_bc1_1m/checkpoints/step_000614400.pt",
  "disturbance_family": null,
  "disturbed": false,
  "episodes": 20,
  "eval_seed_start": 50000,
  "final_reward_delta": 0.17230288195423787,
  "frozen": {
    "action_saturation_rate": 0.03764705882352941,
    "branch_generation_latency_per_replan_s": 0.40046347161522133,
    "branch_goal_l2_mean": 26.261795677890667,
    "episode_final_reward": [
      0.31719720363616943,
      0.012825283221900463,
      1.0,
      1.0,
      0.3303269147872925,
      0.3405255973339081,
      0.3288813531398773,
      0.3418377637863159,
      0.2568727135658264,
      0.3302586078643799,
      0.32329171895980835,
      1.0,
      0.3285888135433197,
      1.0,
      0.3293192386627197,
      0.3310881555080414,
      1.0,
      0.2209932655096054,
      1.0,
      0.18429070711135864
    ],
    "episode_max_reward": [
      0.32598403096199036,
      0.17027589678764343,
      1.0,
      1.0,
      0.33115842938423157,
      0.34131598472595215,
      0.3340269923210144,
      0.3429298400878906,
      0.25964850187301636,
      0.3395560681819916,
      0.33590826392173767,
      1.0,
      0.3326091170310974,
      1.0,
      0.3296785354614258,
      0.34068238735198975,
      1.0,
      0.3327730894088745,
      1.0,
      0.3054245412349701
    ],
    "episode_success": [
      0.0,
      0.0,
      1.0,
      1.0,
      0.0,
      0.0,
      0.0,
      0.0,
      0.0,
      0.0,
      0.0,
      1.0,
      0.0,
      1.0,
      0.0,
      0.0,
      1.0,
      0.0,
      1.0,
      0.0
    ],
    "final_reward": 0.49881486683152615,
    "high_level_decisions_per_episode": 8.65,
    "max_reward": 0.5210985839366913,
    "mean_residual_norm": 0.0,
    "replay_current_state_error_max": 0.0,
    "replay_current_state_error_mean": 0.0,
    "success": 0.3
  },
  "goal_source": "oracle",
  "horizon": 10,
  "max_reward_delta": 0.15860427692532542,
  "n_demo": 500,
  "num_envs": 4,
  "oracle_copy_mode": "replay",
  "recipe": {
    "actor_critic_depth": 2,
    "actor_critic_width": 256,
    "bc_weight": 1.0,
    "clip_coef": 0.2,
    "dataset": "data/rl_rerun/pusht_vector_state_demos_n4096_b2.h5",
    "disallowed_training_signals": [
      "mani_skill_reward",
      "task_success",
      "object_pose",
      "task_progress"
    ],
    "entropy_coef": 0.0,
    "family_dir": "local_r3",
    "gae_lambda": 0.95,
    "gamma": 0.99,
    "horizon": 10,
    "initial_logstd": -4.0,
    "learning_rate": 1e-05,
    "max_grad_norm": 1.0,
    "method": "r3_direct_last_layer_local_mode_a",
    "minibatch_size": 5120,
    "minibatches": 8,
    "n_demo": 500,
    "num_envs": 4096,
    "reward": "latent_progress_minus_terminal_distance_plus_bc_regularization_in_loss",
    "rollout_steps": 10,
    "run_name": "aligned10_n4096_lr1e5_bc1_1m",
    "seed": 1,
    "terminal_weight": 1.0,
    "trainable_scope": "low_policy_final_layer_plus_logstd_and_critic",
    "update_epochs": 4,
    "value_coef": 1.0
  },
  "residual": {
    "action_saturation_rate": 0.03825503355704698,
    "branch_generation_latency_per_replan_s": 0.5165410403032245,
    "branch_goal_l2_mean": 26.29780152556184,
    "episode_final_reward": [
      0.3210504651069641,
      0.011136317625641823,
      1.0,
      1.0,
      0.3286636173725128,
      0.32197508215904236,
      1.0,
      1.0,
      0.2423439472913742,
      1.0,
      0.3409753441810608,
      1.0,
      1.0,
      0.20391643047332764,
      0.32640397548675537,
      1.0,
      1.0,
      1.0,
      1.0,
      0.32588979601860046
    ],
    "episode_max_reward": [
      0.3251815438270569,
      0.1515026092529297,
      1.0,
      1.0,
      0.32938018441200256,
      0.32426488399505615,
      1.0,
      1.0,
      0.24521444737911224,
      1.0,
      0.3410738706588745,
      1.0,
      1.0,
      0.21843701601028442,
      0.33046096563339233,
      1.0,
      1.0,
      1.0,
      1.0,
      0.32854169607162476
    ],
    "episode_success": [
      0.0,
      0.0,
      1.0,
      1.0,
      0.0,
      0.0,
      1.0,
      1.0,
      0.0,
      1.0,
      0.0,
      1.0,
      1.0,
      0.0,
      0.0,
      1.0,
      1.0,
      1.0,
      1.0,
      0.0
    ],
    "final_reward": 0.671117748785764,
    "high_level_decisions_per_episode": 7.7,
    "max_reward": 0.6797028608620167,
    "mean_residual_norm": 0.004268316255515947,
    "replay_current_state_error_max": 0.0,
    "replay_current_state_error_mean": 0.0,
    "success": 0.55
  },
  "seed": 1,
  "stage": "closed_loop_residual_paired",
  "success_delta": 0.25000000000000006,
  "update_period": 10
}