{
  "base_policy": "deterministic",
  "checkpoint": "artifacts/rl_rerun/local_r3/n500/seed1/aligned10_n4096_lr1e5_bc1_1m/checkpoints/step_000614400.pt",
  "disturbance_family": null,
  "disturbed": false,
  "episodes": 100,
  "eval_seed_start": 50000,
  "final_reward_delta": -0.0575652411859483,
  "frozen": {
    "action_saturation_rate": 0.05461102524471922,
    "episode_final_reward": [
      0.32144051790237427,
      0.07537390291690826,
      0.22653166949748993,
      0.2413288652896881,
      0.2979225516319275,
      1.0,
      1.0,
      1.0,
      0.32865434885025024,
      1.0,
      0.31407976150512695,
      0.14748093485832214,
      1.0,
      1.0,
      1.0,
      0.1266183853149414,
      0.34509730339050293,
      1.0,
      0.32732126116752625,
      1.0,
      1.0,
      0.293154776096344,
      0.2505236864089966,
      1.0,
      0.3184567093849182,
      1.0,
      0.34148240089416504,
      0.13289110362529755,
      1.0,
      0.32507842779159546,
      1.0,
      1.0,
      0.3137780427932739,
      0.1414463222026825,
      1.0,
      1.0,
      0.30018341541290283,
      1.0,
      0.07809510082006454,
      0.29352548718452454,
      1.0,
      0.22309648990631104,
      0.332757830619812,
      0.33233556151390076,
      0.10577639192342758,
      0.20750397443771362,
      1.0,
      0.3270449638366699,
      1.0,
      0.3306681215763092,
      0.3166230022907257,
      1.0,
      0.3341246247291565,
      1.0,
      0.3441336154937744,
      1.0,
      1.0,
      0.11587367951869965,
      0.11993387341499329,
      1.0,
      0.1960517019033432,
      1.0,
      1.0,
      1.0,
      0.20031355321407318,
      0.33769500255584717,
      0.22338508069515228,
      1.0,
      1.0,
      0.18863891065120697,
      0.32284921407699585,
      0.32502394914627075,
      0.18227845430374146,
      0.1458168923854828,
      1.0,
      1.0,
      0.3430219888687134,
      0.12887316942214966,
      0.014184086583554745,
      1.0,
      0.3290818929672241,
      1.0,
      0.30384159088134766,
      0.13798686861991882,
      0.3390965461730957,
      1.0,
      0.1978614777326584,
      0.12842689454555511,
      0.23899321258068085,
      1.0,
      1.0,
      0.1625235229730606,
      1.0,
      0.1832607090473175,
      1.0,
      0.05906746909022331,
      1.0,
      0.17892614006996155,
      1.0,
      0.32015299797058105
    ],
    "episode_max_reward": [
      0.32538437843322754,
      0.1730450838804245,
      0.22913604974746704,
      0.24206021428108215,
      0.2980588674545288,
      1.0,
      1.0,
      1.0,
      0.331961989402771,
      1.0,
      0.3370973765850067,
      0.25343209505081177,
      1.0,
      1.0,
      1.0,
      0.21089373528957367,
      0.34703001379966736,
      1.0,
      0.3326975703239441,
      1.0,
      1.0,
      0.29397499561309814,
      0.3245568871498108,
      1.0,
      0.32178425788879395,
      1.0,
      0.3418099284172058,
      0.14889949560165405,
      1.0,
      0.32549721002578735,
      1.0,
      1.0,
      0.3380839228630066,
      0.1742270290851593,
      1.0,
      1.0,
      0.3022461235523224,
      1.0,
      0.20245683193206787,
      0.29352548718452454,
      1.0,
      0.2336079329252243,
      0.333842933177948,
      0.3453851342201233,
      0.1271386742591858,
      0.23473051190376282,
      1.0,
      0.3270449638366699,
      1.0,
      0.33074691891670227,
      0.31707310676574707,
      1.0,
      0.33413469791412354,
      1.0,
      0.3441336154937744,
      1.0,
      1.0,
      0.22479763627052307,
      0.16230881214141846,
      1.0,
      0.20771776139736176,
      1.0,
      1.0,
      1.0,
      0.20402979850769043,
      0.33946436643600464,
      0.31962138414382935,
      1.0,
      1.0,
      0.19851528108119965,
      0.3327067494392395,
      0.325403094291687,
      0.24084168672561646,
      0.1737557351589203,
      1.0,
      1.0,
      0.3437298536300659,
      0.2043900489807129,
      0.06453029066324234,
      1.0,
      0.3311290144920349,
      1.0,
      0.33029475808143616,
      0.25572314858436584,
      0.3390965461730957,
      1.0,
      0.22611507773399353,
      0.24272166192531586,
      0.2487136721611023,
      1.0,
      1.0,
      0.2006012201309204,
      1.0,
      0.23392117023468018,
      1.0,
      0.13161420822143555,
      1.0,
      0.2720645070075989,
      1.0,
      0.32761693000793457
    ],
    "episode_success": [
      0.0,
      0.0,
      0.0,
      0.0,
      0.0,
      1.0,
      1.0,
      1.0,
      0.0,
      1.0,
      0.0,
      0.0,
      1.0,
      1.0,
      1.0,
      0.0,
      0.0,
      1.0,
      0.0,
      1.0,
      1.0,
      0.0,
      0.0,
      1.0,
      0.0,
      1.0,
      0.0,
      0.0,
      1.0,
      0.0,
      1.0,
      1.0,
      0.0,
      0.0,
      1.0,
      1.0,
      0.0,
      1.0,
      0.0,
      0.0,
      1.0,
      0.0,
      0.0,
      0.0,
      0.0,
      0.0,
      1.0,
      0.0,
      1.0,
      0.0,
      0.0,
      1.0,
      0.0,
      1.0,
      0.0,
      1.0,
      1.0,
      0.0,
      0.0,
      1.0,
      0.0,
      1.0,
      1.0,
      1.0,
      0.0,
      0.0,
      0.0,
      1.0,
      1.0,
      0.0,
      0.0,
      0.0,
      0.0,
      0.0,
      1.0,
      1.0,
      0.0,
      0.0,
      0.0,
      1.0,
      0.0,
      1.0,
      0.0,
      0.0,
      0.0,
      1.0,
      0.0,
      0.0,
      0.0,
      1.0,
      1.0,
      0.0,
      1.0,
      0.0,
      1.0,
      0.0,
      1.0,
      0.0,
      1.0,
      0.0
    ],
    "final_reward": 0.5581768843065947,
    "high_level_decisions_per_episode": 7.95,
    "max_reward": 0.5755712244659662,
    "mean_residual_norm": 0.0,
    "success": 0.42
  },
  "goal_source": "learned",
  "horizon": 10,
  "max_reward_delta": -0.054491008743643765,
  "n_demo": 500,
  "num_envs": 64,
  "oracle_copy_mode": null,
  "recipe": {
    "actor_critic_depth": 2,
    "actor_critic_width": 256,
    "bc_weight": 1.0,
    "clip_coef": 0.2,
    "dataset": "data/rl_rerun/pusht_vector_state_demos_n4096_b2.h5",
    "disallowed_training_signals": [
      "mani_skill_reward",
      "task_success",
      "object_pose",
      "task_progress"
    ],
    "entropy_coef": 0.0,
    "family_dir": "local_r3",
    "gae_lambda": 0.95,
    "gamma": 0.99,
    "horizon": 10,
    "initial_logstd": -4.0,
    "learning_rate": 1e-05,
    "max_grad_norm": 1.0,
    "method": "r3_direct_last_layer_local_mode_a",
    "minibatch_size": 5120,
    "minibatches": 8,
    "n_demo": 500,
    "num_envs": 4096,
    "reward": "latent_progress_minus_terminal_distance_plus_bc_regularization_in_loss",
    "rollout_steps": 10,
    "run_name": "aligned10_n4096_lr1e5_bc1_1m",
    "seed": 1,
    "terminal_weight": 1.0,
    "trainable_scope": "low_policy_final_layer_plus_logstd_and_critic",
    "update_epochs": 4,
    "value_coef": 1.0
  },
  "residual": {
    "action_saturation_rate": 0.04971710605513423,