{
  "experiment": "rl_rerun_valid_goal_sensitivity_seed0_2048_wide",
  "goal_l2": {
    "k20_vs_k10": {
      "max": 52.98448181152344,
      "mean": 23.525135707168374,
      "median": 23.458284378051758,
      "p90": 33.25333824157715
    },
    "k2_vs_k10": {
      "max": 55.02444076538086,
      "mean": 26.522591417189687,
      "median": 26.929570198059082,
      "p90": 36.06042213439941
    },
    "k5_vs_k10": {
      "max": 51.72602462768555,
      "mean": 24.3339950456284,
      "median": 24.43796157836914,
      "p90": 34.014130401611325
    }
  },
  "horizons": [
    2,
    5,
    10,
    20
  ],
  "interpretation": "Wider same-state teacher-trajectory goals at k=2/5/10/20 produce slightly larger action changes than k=9/10/11, but action L2 remains only about 0.016-0.022 for goal L2 around 24-27. R3 and the sensitivity-hinge smoke are essentially identical to frozen.",
  "policy_action_l2_mean": {
    "frozen": {
      "k20_vs_k10": 0.01773773435169801,
      "k2_vs_k10": 0.020974126838936513,
      "k2_vs_k20": 0.022275142541289483,
      "k5_vs_k10": 0.01584839403682281
    },
    "r3_lr1e5_409k": {
      "k20_vs_k10": 0.01763963088113485,
      "k2_vs_k10": 0.02083196023576761,
      "k2_vs_k20": 0.022134533756215546,
      "k5_vs_k10": 0.015748552118594716
    },
    "r3_sensitivity_w10": {
      "k20_vs_k10": 0.01773770186002821,
      "k2_vs_k10": 0.020971486923244242,
      "k2_vs_k20": 0.022274476850199676,
      "k5_vs_k10": 0.015847498205374677
    }
  },
  "policy_action_l2_p90": {
    "frozen": {
      "k20_vs_k10": 0.03900435157120227,
      "k2_vs_k10": 0.04532370232045649,
      "k2_vs_k20": 0.04732606448233127,
      "k5_vs_k10": 0.034041016548872
    },
    "r3_lr1e5_409k": {
      "k20_vs_k10": 0.03896812498569487,
      "k2_vs_k10": 0.044735208153724663,
      "k2_vs_k20": 0.047038542479276656,
      "k5_vs_k10": 0.03381985053420066
    },
    "r3_sensitivity_w10": {
      "k20_vs_k10": 0.03901180215179919,
      "k2_vs_k10": 0.04532474316656589,
      "k2_vs_k20": 0.047252817824482915,
      "k5_vs_k10": 0.03390049412846565
    }
  },
  "policy_action_l2_per_goal_l2_mean": {
    "frozen": {
      "k20_vs_k10": 0.0006860057176103496,
      "k2_vs_k10": 0.0007260526267693912,
      "k2_vs_k20": 0.0007812143686747319,
      "k5_vs_k10": 0.0006092420398688958
    },
    "r3_lr1e5_409k": {
      "k20_vs_k10": 0.0006822066564984297,
      "k2_vs_k10": 0.0007212278112374015,
      "k2_vs_k20": 0.0007763876504212064,
      "k5_vs_k10": 0.0006054661524848015
    },
    "r3_sensitivity_w10": {
      "k20_vs_k10": 0.0006860203640401963,
      "k2_vs_k10": 0.000725987817949747,
      "k2_vs_k20": 0.0007812013112236116,
      "k5_vs_k10": 0.0006092349516979567
    }
  },
  "reference_horizon": 10,
  "samples": 2048,
  "script": "scripts/rl_rerun_valid_goal_sensitivity.py",
  "source_result": "results/rl_rerun/valid_goal_sensitivity_seed0_2048_wide.json"
}
