{
  "base_policy": "deterministic",
  "checkpoint": "artifacts/rl_rerun/local_r3/n500/seed0/aligned10_n4096_lr1e5_bc1_1m/checkpoints/step_000409600.pt",
  "disturbance_family": null,
  "disturbed": false,
  "episodes": 100,
  "eval_seed_start": 50000,
  "final_reward_delta": -0.038451568344607945,
  "frozen": {
    "action_saturation_rate": 0.05000606869765748,
    "episode_final_reward": [
      1.0,
      0.034734874963760376,
      0.2180594503879547,
      0.3212943375110626,
      1.0,
      1.0,
      1.0,
      0.21946582198143005,
      0.326244592666626,
      1.0,
      1.0,
      0.14639775454998016,
      1.0,
      0.3228003680706024,
      0.1561102271080017,
      0.15462782979011536,
      1.0,
      0.20224690437316895,
      1.0,
      1.0,
      1.0,
      0.2504507601261139,
      0.332947313785553,
      1.0,
      0.20641514658927917,
      1.0,
      0.16644763946533203,
      0.11774613708257675,
      0.3273669183254242,
      0.3070446848869324,
      1.0,
      1.0,
      1.0,
      0.1631186604499817,
      1.0,
      0.09606252610683441,
      0.23659977316856384,
      0.24316644668579102,
      0.08773829787969589,
      0.3108537197113037,
      0.3215991258621216,
      0.3231499195098877,
      0.23116213083267212,
      0.3334382474422455,
      0.05620267242193222,
      1.0,
      1.0,
      1.0,
      0.3156006336212158,
      1.0,
      0.2108267992734909,
      1.0,
      1.0,
      1.0,
      1.0,
      0.31306686997413635,
      1.0,
      0.1716497242450714,
      0.07290754467248917,
      1.0,
      1.0,
      0.3038041591644287,
      1.0,
      0.320764422416687,
      0.14079032838344574,
      1.0,
      0.3253953456878662,
      0.3138682246208191,
      0.32041099667549133,
      0.10747529566287994,
      0.2997772991657257,
      0.14832022786140442,
      0.1340360939502716,
      0.33099564909935,
      1.0,
      0.3239714503288269,
      1.0,
      0.14842785894870758,
      0.28597038984298706,
      0.18931704759597778,
      0.33028554916381836,
      1.0,
      0.3187151551246643,
      0.16698668897151947,
      0.32605209946632385,
      1.0,
      0.2864904999732971,
      0.019074084237217903,
      0.2547856569290161,
      1.0,
      0.0819939523935318,
      0.12868139147758484,
      0.32561975717544556,
      0.20747214555740356,
      1.0,
      0.2690913677215576,
      0.030212029814720154,
      0.18754085898399353,
      0.3204267621040344,
      0.17346470057964325
    ],
    "episode_max_reward": [
      1.0,
      0.14990870654582977,
      0.22801277041435242,
      0.3220697045326233,
      1.0,
      1.0,
      1.0,
      0.2220287322998047,
      0.3281031847000122,
      1.0,
      1.0,
      0.26984456181526184,
      1.0,
      0.3229791224002838,
      0.25595754384994507,
      0.20331530272960663,
      1.0,
      0.21724377572536469,
      1.0,
      1.0,
      1.0,
      0.2579541802406311,
      0.3332028388977051,
      1.0,
      0.2149762213230133,
      1.0,
      0.1775999516248703,
      0.14296954870224,
      0.33890223503112793,
      0.32812249660491943,
      1.0,
      1.0,
      1.0,
      0.1639041006565094,
      1.0,
      0.1884796917438507,
      0.3128880262374878,
      0.24472051858901978,
      0.15732260048389435,
      0.3108537197113037,
      0.32533276081085205,
      0.3231629431247711,
      0.24046987295150757,
      0.34372588992118835,
      0.12875400483608246,
      1.0,
      1.0,
      1.0,
      0.34206804633140564,
      1.0,
      0.23692646622657776,
      1.0,
      1.0,
      1.0,
      1.0,
      0.31324467062950134,
      1.0,
      0.2439173460006714,
      0.13328911364078522,
      1.0,
      1.0,
      0.30624449253082275,
      1.0,
      0.32737037539482117,
      0.14252018928527832,
      1.0,
      0.32581669092178345,
      0.3205486238002777,
      0.3204728066921234,
      0.10747529566287994,
      0.32437509298324585,
      0.26774877309799194,
      0.23399017751216888,
      0.3310089409351349,
      1.0,
      0.33912819623947144,
      1.0,
      0.15187641978263855,
      0.2869412899017334,
      0.18931704759597778,
      0.3402537703514099,
      1.0,
      0.3393799662590027,
      0.21098624169826508,
      0.3287670910358429,
      1.0,
      0.2881108224391937,
      0.22371284663677216,
      0.2644667625427246,
      1.0,
      0.08670301735401154,
      0.16824941337108612,
      0.32750505208969116,
      0.28157755732536316,
      1.0,
      0.26943081617355347,
      0.12216927111148834,
      0.3113146424293518,
      0.33502787351608276,
      0.2590104341506958
    ],
    "episode_success": [
      1.0,
      0.0,
      0.0,
      0.0,
      1.0,
      1.0,
      1.0,
      0.0,
      0.0,
      1.0,
      1.0,
      0.0,
      1.0,
      0.0,
      0.0,
      0.0,
      1.0,
      0.0,
      1.0,
      1.0,
      1.0,
      0.0,
      0.0,
      1.0,
      0.0,
      1.0,
      0.0,
      0.0,
      0.0,
      0.0,
      1.0,
      1.0,
      1.0,
      0.0,
      1.0,
      0.0,
      0.0,
      0.0,
      0.0,
      0.0,
      0.0,
      0.0,
      0.0,
      0.0,
      0.0,
      1.0,
      1.0,
      1.0,
      0.0,
      1.0,
      0.0,
      1.0,
      1.0,
      1.0,
      1.0,
      0.0,
      1.0,
      0.0,
      0.0,
      1.0,
      1.0,
      0.0,
      1.0,
      0.0,
      0.0,
      1.0,
      0.0,
      0.0,
      0.0,
      0.0,
      0.0,
      0.0,
      0.0,
      0.0,
      1.0,
      0.0,
      1.0,
      0.0,
      0.0,
      0.0,
      0.0,
      1.0,
      0.0,
      0.0,
      0.0,
      1.0,
      0.0,
      0.0,
      0.0,
      1.0,
      0.0,
      0.0,
      0.0,
      0.0,
      1.0,
      0.0,
      0.0,
      0.0,
      0.0,
      0.0
    ],
    "final_reward": 0.5041776134259999,
    "high_level_decisions_per_episode": 8.38,
    "max_reward": 0.5245375064015388,
    "mean_residual_norm": 0.0,
    "success": 0.36
  },
  "goal_source": "learned",
  "horizon": 10,
  "max_reward_delta": -0.029435966685414316,
  "n_demo": 500,
  "num_envs": 64,
  "oracle_copy_mode": null,
  "recipe": {
    "actor_critic_depth": 2,
    "actor_critic_width": 256,
    "bc_weight": 1.0,
    "clip_coef": 0.2,
    "dataset": "data/rl_rerun/pusht_vector_state_demos_n4096_b2.h5",
    "disallowed_training_signals": [
      "mani_skill_reward",
      "task_success",
      "object_pose",
      "task_progress"
    ],
    "entropy_coef": 0.0,
    "family_dir": "local_r3",
    "gae_lambda": 0.95,
    "gamma": 0.99,
    "horizon": 10,
    "initial_logstd": -4.0,
    "learning_rate": 1e-05,
    "max_grad_norm": 1.0,
    "method": "r3_direct_last_layer_local_mode_a",
    "minibatch_size": 5120,
    "minibatches": 8,
    "n_demo": 500,
    "num_envs": 4096,
    "reward": "latent_progress_minus_terminal_distance_plus_bc_regularization_in_loss",
    "rollout_steps": 10,
    "run_name": "aligned10_n4096_lr1e5_bc1_1m",
    "seed": 0,
    "terminal_weight": 1.0,
    "trainable_scope": "low_policy_final_layer_plus_logstd_and_critic",
    "update_epochs": 4,
    "value_coef": 1.0
  },
  "residual": {
    "action_saturation_rate": 0.04719448407037565,