{
  "base_policy": "deterministic",
  "checkpoint": "artifacts/rl_rerun/local_r3/n500/seed0/aligned10_n4096_lr1e5_bc1_1m/checkpoints/step_000409600.pt",
  "disturbance_family": null,
  "disturbed": false,
  "episodes": 20,
  "eval_seed_start": 50000,
  "final_reward_delta": -0.09905023146420722,
  "frozen": {
    "action_saturation_rate": 0.040787623066104076,
    "branch_generation_latency_per_replan_s": 0.5989235957653727,
    "branch_goal_l2_mean": 28.54879804208976,
    "episode_final_reward": [
      0.32857292890548706,
      0.06758350133895874,
      1.0,
      1.0,
      1.0,
      0.31062090396881104,
      1.0,
      1.0,
      0.23640990257263184,
      1.0,
      1.0,
      1.0,
      0.33398324251174927,
      1.0,
      0.10353028029203415,
      1.0,
      1.0,
      0.29549509286880493,
      1.0,
      0.3222633898258209
    ],
    "episode_max_reward": [
      0.3366992175579071,
      0.16617083549499512,
      1.0,
      1.0,
      1.0,
      0.34143194556236267,
      1.0,
      1.0,
      0.23715102672576904,
      1.0,
      1.0,
      1.0,
      0.33712679147720337,
      1.0,
      0.10366924107074738,
      1.0,
      1.0,
      0.3221064805984497,
      1.0,
      0.32379645109176636
    ],
    "episode_success": [
      0.0,
      0.0,
      1.0,
      1.0,
      1.0,
      0.0,
      1.0,
      1.0,
      0.0,
      1.0,
      1.0,
      1.0,
      0.0,
      1.0,
      0.0,
      1.0,
      1.0,
      0.0,
      1.0,
      0.0
    ],
    "final_reward": 0.6999229621142149,
    "high_level_decisions_per_episode": 7.35,
    "max_reward": 0.70840759947896,
    "mean_residual_norm": 0.0,
    "replay_current_state_error_max": 0.0,
    "replay_current_state_error_mean": 0.0,
    "success": 0.6
  },
  "goal_source": "oracle",
  "horizon": 10,
  "max_reward_delta": -0.09823487922549246,
  "n_demo": 500,
  "num_envs": 4,
  "oracle_copy_mode": "replay",
  "recipe": {
    "actor_critic_depth": 2,
    "actor_critic_width": 256,
    "bc_weight": 1.0,
    "clip_coef": 0.2,
    "dataset": "data/rl_rerun/pusht_vector_state_demos_n4096_b2.h5",
    "disallowed_training_signals": [
      "mani_skill_reward",
      "task_success",
      "object_pose",
      "task_progress"
    ],
    "entropy_coef": 0.0,
    "family_dir": "local_r3",
    "gae_lambda": 0.95,
    "gamma": 0.99,
    "horizon": 10,
    "initial_logstd": -4.0,
    "learning_rate": 1e-05,
    "max_grad_norm": 1.0,
    "method": "r3_direct_last_layer_local_mode_a",
    "minibatch_size": 5120,
    "minibatches": 8,
    "n_demo": 500,
    "num_envs": 4096,
    "reward": "latent_progress_minus_terminal_distance_plus_bc_regularization_in_loss",
    "rollout_steps": 10,
    "run_name": "aligned10_n4096_lr1e5_bc1_1m",
    "seed": 0,
    "terminal_weight": 1.0,
    "trainable_scope": "low_policy_final_layer_plus_logstd_and_critic",
    "update_epochs": 4,
    "value_coef": 1.0
  },
  "residual": {
    "action_saturation_rate": 0.036988110964332896,
    "branch_generation_latency_per_replan_s": 0.5322300986371313,
    "branch_goal_l2_mean": 25.450214538818752,
    "episode_final_reward": [
      1.0,
      0.05966882035136223,
      1.0,
      0.3307427167892456,
      1.0,
      1.0,
      1.0,
      0.3346821963787079,
      0.2236262410879135,
      0.3371109962463379,
      1.0,
      1.0,
      1.0,
      1.0,
      0.11447792500257492,
      0.3222375512123108,
      0.33320561051368713,
      0.30830538272857666,
      0.32237932085990906,
      0.3310178518295288
    ],
    "episode_max_reward": [
      1.0,
      0.15370291471481323,
      1.0,
      0.331159383058548,
      1.0,
      1.0,
      1.0,
      0.34105297923088074,
      0.22653405368328094,
      0.34132298827171326,
      1.0,
      1.0,
      1.0,
      1.0,
      0.14638651907444,
      0.3397635817527771,
      0.33927977085113525,
      0.32271647453308105,
      0.3303149938583374,
      0.33122074604034424
    ],
    "episode_success": [
      1.0,
      0.0,
      1.0,
      0.0,
      1.0,
      1.0,
      1.0,
      0.0,
      0.0,
      0.0,
      1.0,
      1.0,
      1.0,
      1.0,
      0.0,
      0.0,
      0.0,
      0.0,
      0.0,
      0.0
    ],
    "final_reward": 0.6008727306500077,
    "high_level_decisions_per_episode": 7.8,
    "max_reward": 0.6101727202534676,
    "mean_residual_norm": 0.0046935738494178056,
    "replay_current_state_error_max": 0.0,
    "replay_current_state_error_mean": 0.0,
    "success": 0.45
  },
  "seed": 0,
  "stage": "closed_loop_residual_paired",
  "success_delta": -0.14999999999999997,
  "update_period": 10
}