{
  "checkpoint": "artifacts/rl_rerun/local_r1/n500/seed0/aligned10_n4096_lr3e4_alpha025_nopenalty_1m/checkpoints/step_001024000.pt",
  "episodes": 100,
  "eval_seed_start": 10000,
  "final_reward_delta": -0.02205318379215898,
  "frozen": {
    "action_saturation_rate": 0.04435187454055379,
    "episode_final_reward": [
      0.3289206624031067,
      0.3341902196407318,
      1.0,
      0.17939457297325134,
      0.30979642271995544,
      0.33046576380729675,
      0.14793604612350464,
      1.0,
      1.0,
      0.07192288339138031,
      0.18871116638183594,
      0.09747438132762909,
      0.18005061149597168,
      0.3094853162765503,
      1.0,
      0.23040270805358887,
      0.3203260600566864,
      0.3247283101081848,
      0.3195400834083557,
      1.0,
      0.03529889136552811,
      0.009097960777580738,
      0.3142215609550476,
      1.0,
      0.02727687917649746,
      0.33467596769332886,
      0.02154196798801422,
      0.24380074441432953,
      0.33884963393211365,
      0.1792401373386383,
      1.0,
      0.20470470190048218,
      0.25111284852027893,
      0.3047119975090027,
      1.0,
      0.32105496525764465,
      0.3242235779762268,
      0.32533907890319824,
      0.3151647448539734,
      1.0,
      0.3348444104194641,
      1.0,
      0.07321880757808685,
      0.3347955644130707,
      1.0,
      1.0,
      0.3260928988456726,
      1.0,
      0.33150747418403625,
      0.2352917194366455,
      0.22750654816627502,
      0.18401700258255005,
      0.10189223289489746,
      0.22342711687088013,
      1.0,
      0.049036189913749695,
      1.0,
      0.1363978534936905,
      1.0,
      1.0,
      1.0,
      0.14136379957199097,
      0.33240532875061035,
      0.32089942693710327,
      1.0,
      1.0,
      0.315370112657547,
      0.32183414697647095,
      1.0,
      0.3284003734588623,
      1.0,
      0.15881159901618958,
      0.16058534383773804,
      0.33179566264152527,
      1.0,
      0.023304592818021774,
      1.0,
      0.3245512545108795,
      0.156655415892601,
      0.2112358659505844,
      1.0,
      0.3181321918964386,
      1.0,
      1.0,
      0.27382802963256836,
      0.3277336359024048,
      1.0,
      1.0,
      0.290499210357666,
      0.19492290914058685,
      1.0,
      0.3255290985107422,
      0.2734096348285675,
      0.19834232330322266,
      1.0,
      1.0,
      1.0,
      0.1923007220029831,
      1.0,
      0.15873941779136658
    ],
    "episode_max_reward": [
      0.33028149604797363,
      0.342319130897522,
      1.0,
      0.18196067214012146,
      0.3268003463745117,
      0.33046576380729675,
      0.2466919720172882,
      1.0,
      1.0,
      0.11640466749668121,
      0.2063288688659668,
      0.10074388235807419,
      0.22770315408706665,
      0.3153177499771118,
      1.0,
      0.23063120245933533,
      0.32843390107154846,
      0.32520899176597595,
      0.3307752013206482,
      1.0,
      0.21250057220458984,
      0.29337078332901,
      0.3145480155944824,
      1.0,
      0.17732670903205872,
      0.3360494077205658,
      0.08970268815755844,
      0.26314273476600647,
      0.34031736850738525,
      0.2794453203678131,
      1.0,
      0.22559839487075806,
      0.2764756381511688,
      0.33567914366722107,
      1.0,
      0.3212144374847412,
      0.3293861746788025,
      0.3354909420013428,
      0.31825390458106995,
      1.0,
      0.33880841732025146,
      1.0,
      0.26278966665267944,
      0.33507418632507324,
      1.0,
      1.0,
      0.32620665431022644,
      1.0,
      0.3343423306941986,
      0.24582919478416443,
      0.2653943598270416,
      0.2544964551925659,
      0.1067439615726471,
      0.2295158952474594,
      1.0,
      0.12858077883720398,
      1.0,
      0.14043620228767395,
      1.0,
      1.0,
      1.0,
      0.23828421533107758,
      0.33339112997055054,
      0.3209288716316223,
      1.0,
      1.0,
      0.3299844264984131,
      0.32183414697647095,
      1.0,
      0.33096975088119507,
      1.0,
      0.16696584224700928,
      0.24074684083461761,
      0.3430193364620209,
      1.0,
      0.10554373264312744,
      1.0,
      0.3280760645866394,
      0.15673676133155823,
      0.23090843856334686,
      1.0,
      0.32058221101760864,
      1.0,
      1.0,
      0.27510860562324524,
      0.3278428912162781,
      1.0,
      1.0,
      0.29177531599998474,
      0.20697323977947235,
      1.0,
      0.34571969509124756,
      0.3042002320289612,
      0.20968547463417053,
      1.0,
      1.0,
      1.0,
      0.2711791396141052,
      1.0,
      0.2719922363758087
    ],
    "episode_success": [
      0.0,
      0.0,
      1.0,
      0.0,
      0.0,
      0.0,
      0.0,
      1.0,
      1.0,
      0.0,
      0.0,
      0.0,
      0.0,
      0.0,
      1.0,
      0.0,
      0.0,
      0.0,
      0.0,
      1.0,
      0.0,
      0.0,
      0.0,
      1.0,
      0.0,
      0.0,
      0.0,
      0.0,
      0.0,
      0.0,
      1.0,
      0.0,
      0.0,
      0.0,
      1.0,
      0.0,
      0.0,
      0.0,
      0.0,
      1.0,
      0.0,
      1.0,
      0.0,
      0.0,
      1.0,
      1.0,
      0.0,
      1.0,
      0.0,
      0.0,
      0.0,
      0.0,
      0.0,
      0.0,
      1.0,
      0.0,
      1.0,
      0.0,
      1.0,
      1.0,
      1.0,
      0.0,
      0.0,
      0.0,
      1.0,
      1.0,
      0.0,
      0.0,
      1.0,
      0.0,
      1.0,
      0.0,
      0.0,
      0.0,
      1.0,
      0.0,
      1.0,
      0.0,
      0.0,
      0.0,
      1.0,
      0.0,
      1.0,
      1.0,
      0.0,
      0.0,
      1.0,
      1.0,
      0.0,
      0.0,
      1.0,
      0.0,
      0.0,
      0.0,
      1.0,
      1.0,
      1.0,
      0.0,
      1.0,
      0.0
    ],
    "final_reward": 0.49462338781915605,
    "high_level_decisions_per_episode": 8.29,
    "max_reward": 0.5162923593819141,
    "mean_residual_norm": 0.0,
    "success": 0.34
  },
  "horizon": 10,
  "max_reward_delta": -0.022528335712850067,
  "n_demo": 500,
  "num_envs": 64,
  "recipe": {
    "actor_critic_depth": 2,
    "actor_critic_width": 256,
    "alpha": 0.25,
    "clip_coef": 0.2,
    "dataset": "data/rl_rerun/pusht_vector_state_demos_n4096_b2.h5",
    "disallowed_training_signals": [
      "mani_skill_reward",
      "task_success",
      "object_pose",
      "task_progress"
    ],
    "entropy_coef": 0.0,
    "gae_lambda": 0.95,
    "gamma": 0.99,
    "horizon": 10,
    "initial_logstd": -2.3,
    "learning_rate": 0.0003,
    "max_grad_norm": 1.0,
    "method": "r1_residual_deterministic_local_mode_a",
    "minibatch_size": 5120,
    "minibatches": 8,
    "n_demo": 500,
    "num_envs": 4096,
    "residual_penalty_weight": 0.0,
    "reward": "latent_progress_minus_terminal_distance_minus_residual_penalty",
    "rollout_steps": 10,
    "run_name": "aligned10_n4096_lr3e4_alpha025_nopenalty_1m",
    "seed": 0,
    "terminal_weight": 1.0,
    "update_epochs": 4,
    "value_coef": 1.0
  },
  "residual": {
    "action_saturation_rate": 0.04056331246990852,