{
  "checkpoint": "results/incremental/rl_reachability_debug/run30_full_residual_bc_agg_round2_alpha015_u250/privileged_full_ppo_progress_terminal_n4096_seed0/latest.pt",
  "history_first": {
    "action_l2_mean": 0.46078360559073983,
    "action_saturation": 0.010302734375,
    "bc_prior_loss": null,
    "clip_fraction": 0.026944987553482253,
    "elapsed_s": 7.637929635122418,
    "entropy": -2.643889397382736,
    "explained_variance": 0.0036334991455078125,
    "global_step": 40960,
    "goal_reach_rate_eps": 0.0,
    "mean_distance": 6.622310056825069,
    "mean_initial_distance": 7.376788965277456,
    "mean_return_per_step": 0.40871684663444247,
    "mean_terminal_distance": 1.6447991093765495,
    "nan_count": 0,
    "policy_kl": 0.003299488676323866,
    "policy_loss": -0.0013264855078887194,
    "reset_state_l2_recent_mean": 0.0,
    "residual_l2_mean": 0.02389611274719954,
    "residual_penalty_mean": 0.00022305188796891106,
    "teacher_action_mae": null,
    "update": 1,
    "value_loss": 45.43290710449219
  },
  "history_last": {
    "action_l2_mean": 1.0928330085444031,
    "action_saturation": 0.2147216796875,
    "bc_prior_loss": null,
    "clip_fraction": 0.03582356854167301,
    "elapsed_s": 1992.6249415760394,
    "entropy": -2.860905239979426,
    "explained_variance": 0.3409348726272583,
    "global_step": 10240000,
    "goal_reach_rate_eps": 0.0,
    "mean_distance": 8.267215199639576,
    "mean_initial_distance": 8.865181843691971,
    "mean_return_per_step": 0.6447458160666196,
    "mean_terminal_distance": 1.2088371738370824,
    "nan_count": 0,
    "policy_kl": 0.0035428798264547368,
    "policy_loss": -0.00040221085024919984,
    "reset_state_l2_recent_mean": 0.0,
    "residual_l2_mean": 0.035575043755642355,
    "residual_penalty_mean": 0.0004933807992735288,
    "teacher_action_mae": null,
    "update": 250,
    "value_loss": 49.88060643275579
  },
  "initial_eval": {
    "action_l2_mean": 0.7245399658484025,
    "action_saturation": 0.09945068359375,
    "distance_reduction_mean": 10.504169464111328,
    "fraction_improved_from_start": 0.862548828125,
    "goal_reach_rate_eps": 0.00225830078125,
    "initial_distance_mean": 12.45359992980957,
    "local_episodes": 32768,
    "p50_terminal_distance": 0.2526537775993347,
    "p90_terminal_distance": 3.158290386199951,
    "p99_terminal_distance": 29.124591827392578,
    "reset_state_l2_mean": 0.0,
    "residual_l2_mean": 0.0013262275969566084,
    "terminal_distance_mean": 1.949429988861084
  },
  "recipe": {
    "action_dim": 3,
    "bc_low_checkpoint": null,
    "bc_prior_checkpoint": "artifacts/incremental/pre_rl/phase_c/k10/seed0/time_conditioned_full.pt",
    "bc_prior_weight": 0.0,
    "bc_warm_start": null,
    "clip_coef": 0.2,
    "dataset": "/home/digarcia/Desktop/hierarchical_control_from_latent_poc/data/rl_reachability_debug/full_reset_agg_round2_demo8_bc4_run28_4.h5",
    "distance_progress_weight": 1.0,
    "dpsi_checkpoint": null,
    "dpsi_target_scale": 1000.0,
    "entropy_coef": 0.0,
    "gae_lambda": 0.95,
    "gamma": 0.99,
    "goal_dim": 28,
    "goal_type": "full",
    "horizon": 10,
    "init_checkpoint": null,
    "init_global_step": 0,
    "init_history_updates": 0,
    "initial_logstd": -2.3,
    "learning_rate": 0.0001,
    "max_grad_norm": 1.0,
    "minibatch_size": 5120,
    "normalizer_fit_actions": 3932160,
    "normalizer_fit_goals": 18677760,
    "normalizer_fit_states": 3997696,
    "normalizer_source": "dataset",
    "num_envs": 4096,
    "num_minibatches": 8,
    "policy_mode": "bc_residual",
    "recompute_held_goal_features": true,
    "residual_alpha": 0.15,
    "residual_penalty_weight": 0.01,
    "reward": "progress_terminal",
    "reward_distance_source": "true_goal",
    "reward_mode": "progress_terminal",
    "run": "rl_reachability_debug_run2_privileged_tcp_scratch_ppo",
    "samples_per_update": 40960,
    "state_dim": 31,
    "success_epsilon": 0.0025,
    "teacher_action_penalty_weight": 0.0,
    "terminal_weight": 1.0,
    "total_env_steps": 10240000,
    "update_epochs": 3,
    "updates": 250,
    "value_coef": 1.0
  },
  "trained_eval": {
    "action_l2_mean": 0.7189443610568773,
    "action_saturation": 0.089788818359375,
    "distance_reduction_mean": 10.550819396972656,
    "fraction_improved_from_start": 0.870819091796875,
    "goal_reach_rate_eps": 0.0006103515625,
    "initial_distance_mean": 12.45359992980957,
    "local_episodes": 32768,
    "p50_terminal_distance": 0.2795335650444031,
    "p90_terminal_distance": 3.148585796356201,
    "p99_terminal_distance": 28.132583618164062,
    "reset_state_l2_mean": 0.0,
    "residual_l2_mean": 0.02936730754827437,
    "terminal_distance_mean": 1.902780294418335
  },
  "trained_shuffled_goal_eval": {
    "action_l2_mean": 0.7449045461929856,
    "action_saturation": 0.0667877197265625,
    "distance_reduction_mean": 0.2689789831638336,
    "fraction_improved_from_start": 0.503387451171875,
    "goal_reach_rate_eps": 0.0,
    "initial_distance_mean": 12.45359992980957,
    "local_episodes": 32768,
    "p50_terminal_distance": 8.645135879516602,
    "p90_terminal_distance": 23.989103317260742,
    "p99_terminal_distance": 74.49322509765625,
    "reset_state_l2_mean": 0.0,
    "residual_l2_mean": 0.030702313296544225,
    "terminal_distance_mean": 12.18462085723877
  }
}