{
  "checkpoint": "results/incremental/rl_reachability_debug/run31_full_residual_bc_agg_round2_alpha025_u250/privileged_full_ppo_progress_terminal_n4096_seed0/latest.pt",
  "history_first": {
    "action_l2_mean": 0.46797326733692446,
    "action_saturation": 0.0126220703125,
    "bc_prior_loss": null,
    "clip_fraction": 0.024462891276925802,
    "elapsed_s": 7.7289233829360455,
    "entropy": -2.644153743982315,
    "explained_variance": 0.0033890604972839355,
    "global_step": 40960,
    "goal_reach_rate_eps": 0.0,
    "mean_distance": 6.658197523188176,
    "mean_initial_distance": 7.376788965277456,
    "mean_return_per_step": 0.3951655450719337,
    "mean_terminal_distance": 1.712535777728533,
    "nan_count": 0,
    "policy_kl": 0.0032291351672029123,
    "policy_loss": -0.0010397644849338878,
    "reset_state_l2_recent_mean": 0.0,
    "residual_l2_mean": 0.03982690333270966,
    "residual_penalty_mean": 0.0006195910431870469,
    "teacher_action_mae": null,
    "update": 1,
    "value_loss": 42.46942090988159
  },
  "history_last": {
    "action_l2_mean": 1.086111082333082,
    "action_saturation": 0.21318359375,
    "bc_prior_loss": null,
    "clip_fraction": 0.019091797032767015,
    "elapsed_s": 2014.4686101949774,
    "entropy": -2.9699329237143197,
    "explained_variance": 0.5862842202186584,
    "global_step": 10240000,
    "goal_reach_rate_eps": 0.0,
    "mean_distance": 8.105039947581645,
    "mean_initial_distance": 8.865181843691971,
    "mean_return_per_step": 0.6617100762000268,
    "mean_terminal_distance": 1.1239846428868532,
    "nan_count": 0,
    "policy_kl": 0.0023535901478529317,
    "policy_loss": -0.0007723779296308445,
    "reset_state_l2_recent_mean": 0.0,
    "residual_l2_mean": 0.053380690450001114,
    "residual_penalty_mean": 0.001117969810900471,
    "teacher_action_mae": null,
    "update": 250,
    "value_loss": 16.027287026246388
  },
  "initial_eval": {
    "action_l2_mean": 0.7244242550851852,
    "action_saturation": 0.1025634765625,
    "distance_reduction_mean": 10.540379524230957,
    "fraction_improved_from_start": 0.86383056640625,
    "goal_reach_rate_eps": 0.002105712890625,
    "initial_distance_mean": 12.45359992980957,
    "local_episodes": 32768,
    "p50_terminal_distance": 0.2519022524356842,
    "p90_terminal_distance": 3.1178581714630127,
    "p99_terminal_distance": 28.702259063720703,
    "reset_state_l2_mean": 0.0,
    "residual_l2_mean": 0.0022104590112355326,
    "terminal_distance_mean": 1.913220763206482
  },
  "recipe": {
    "action_dim": 3,
    "bc_low_checkpoint": null,
    "bc_prior_checkpoint": "artifacts/incremental/pre_rl/phase_c/k10/seed0/time_conditioned_full.pt",
    "bc_prior_weight": 0.0,
    "bc_warm_start": null,
    "clip_coef": 0.2,
    "dataset": "/home/digarcia/Desktop/hierarchical_control_from_latent_poc/data/rl_reachability_debug/full_reset_agg_round2_demo8_bc4_run28_4.h5",
    "distance_progress_weight": 1.0,
    "dpsi_checkpoint": null,
    "dpsi_target_scale": 1000.0,
    "entropy_coef": 0.0,
    "gae_lambda": 0.95,
    "gamma": 0.99,
    "goal_dim": 28,
    "goal_type": "full",
    "horizon": 10,
    "init_checkpoint": null,
    "init_global_step": 0,
    "init_history_updates": 0,
    "initial_logstd": -2.3,
    "learning_rate": 0.0001,
    "max_grad_norm": 1.0,
    "minibatch_size": 5120,
    "normalizer_fit_actions": 3932160,
    "normalizer_fit_goals": 18677760,
    "normalizer_fit_states": 3997696,
    "normalizer_source": "dataset",
    "num_envs": 4096,
    "num_minibatches": 8,
    "policy_mode": "bc_residual",
    "recompute_held_goal_features": true,
    "residual_alpha": 0.25,
    "residual_penalty_weight": 0.01,
    "reward": "progress_terminal",
    "reward_distance_source": "true_goal",
    "reward_mode": "progress_terminal",
    "run": "rl_reachability_debug_run2_privileged_tcp_scratch_ppo",
    "samples_per_update": 40960,
    "state_dim": 31,
    "success_epsilon": 0.0025,
    "teacher_action_penalty_weight": 0.0,
    "terminal_weight": 1.0,
    "total_env_steps": 10240000,
    "update_epochs": 3,
    "updates": 250,
    "value_coef": 1.0
  },
  "trained_eval": {
    "action_l2_mean": 0.711880525395291,
    "action_saturation": 0.06212158203125,
    "distance_reduction_mean": 10.217577934265137,
    "fraction_improved_from_start": 0.867584228515625,
    "goal_reach_rate_eps": 0.000335693359375,
    "initial_distance_mean": 12.45359992980957,
    "local_episodes": 32768,
    "p50_terminal_distance": 0.3048163056373596,
    "p90_terminal_distance": 3.5194895267486572,
    "p99_terminal_distance": 32.33946228027344,
    "reset_state_l2_mean": 0.0,
    "residual_l2_mean": 0.043542603737718545,
    "terminal_distance_mean": 2.236021041870117
  },
  "trained_shuffled_goal_eval": {
    "action_l2_mean": 0.7389561282459229,
    "action_saturation": 0.0547821044921875,
    "distance_reduction_mean": 0.5140952467918396,
    "fraction_improved_from_start": 0.50811767578125,
    "goal_reach_rate_eps": 0.0,
    "initial_distance_mean": 12.45359992980957,
    "local_episodes": 32768,
    "p50_terminal_distance": 8.482162475585938,
    "p90_terminal_distance": 23.610183715820312,
    "p99_terminal_distance": 73.79874420166016,
    "reset_state_l2_mean": 0.0,
    "residual_l2_mean": 0.04857352567142925,
    "terminal_distance_mean": 11.939504623413086
  }
}