{
  "checkpoint": "results/incremental/rl_reachability_debug/run11_object_pose_teacher_penalty01_b8_u250/privileged_object_pose_ppo_progress_terminal_n4096_seed0/latest.pt",
  "history_first": {
    "action_l2_mean": 0.5865146001235985,
    "action_saturation": 0.0202392578125,
    "clip_fraction": 0.055086264483785875,
    "elapsed_s": 7.753117681946605,
    "entropy": 1.248284950852394,
    "explained_variance": -4.689787864685059,
    "global_step": 40960,
    "goal_reach_rate_eps": 0.45751953125,
    "mean_distance": 0.026247499379384892,
    "mean_initial_distance": 0.018525052739640054,
    "mean_return_per_step": -0.046621143683378816,
    "mean_terminal_distance": 0.03594519428645379,
    "nan_count": 0,
    "policy_kl": 0.004993484530132264,
    "policy_loss": -0.0036126700724707916,
    "reset_state_l2_recent_mean": 0.0,
    "teacher_action_mae": 0.412846093897565,
    "update": 1,
    "value_loss": 0.028583623895732064
  },
  "history_last": {
    "action_l2_mean": 0.8234898604397813,
    "action_saturation": 0.2343017578125,
    "clip_fraction": 0.2050455758968989,
    "elapsed_s": 2016.1539542030077,
    "entropy": -2.48115145166715,
    "explained_variance": 0.88105858117342,
    "global_step": 10240000,
    "goal_reach_rate_eps": 0.130126953125,
    "mean_distance": 0.6059535724569345,
    "mean_initial_distance": 1.0542191918024577,
    "mean_return_per_step": 0.047284993618718116,
    "mean_terminal_distance": 0.1651639469500948,
    "nan_count": 0,
    "policy_kl": 0.015845861441145342,
    "policy_loss": 0.00016338881565995203,
    "reset_state_l2_recent_mean": 0.0,
    "teacher_action_mae": 0.25104135749248113,
    "update": 250,
    "value_loss": 0.03477038171452781
  },
  "initial_eval": {
    "action_l2_mean": 0.005691805457176536,
    "action_saturation": 0.0,
    "distance_reduction_mean": 0.0206591933965683,
    "fraction_improved_from_start": 0.625823974609375,
    "goal_reach_rate_eps": 0.240997314453125,
    "initial_distance_mean": 0.5896885991096497,
    "local_episodes": 32768,
    "p50_terminal_distance": 0.13569185137748718,
    "p90_terminal_distance": 1.9495702981948853,
    "p99_terminal_distance": 3.282142400741577,
    "reset_state_l2_mean": 0.0,
    "terminal_distance_mean": 0.5690294504165649
  },
  "recipe": {
    "action_dim": 3,
    "bc_low_checkpoint": null,
    "clip_coef": 0.2,
    "dataset": "/home/digarcia/Desktop/hierarchical_control_from_latent_poc/data/rl_rerun/pusht_vector_state_demos_n4096_b8.h5",
    "distance_progress_weight": 1.0,
    "dpsi_checkpoint": null,
    "dpsi_target_scale": 1000.0,
    "entropy_coef": 0.0,
    "gae_lambda": 0.95,
    "gamma": 0.99,
    "goal_dim": 4,
    "goal_type": "object_pose",
    "horizon": 10,
    "init_checkpoint": null,
    "init_global_step": 0,
    "init_history_updates": 0,
    "initial_logstd": -1.0,
    "learning_rate": 0.0003,
    "max_grad_norm": 1.0,
    "minibatch_size": 5120,
    "normalizer_fit_actions": 1966080,
    "normalizer_fit_goals": 1671168,
    "normalizer_fit_states": 1998848,
    "num_envs": 4096,
    "num_minibatches": 8,
    "reward": "progress_terminal",
    "reward_distance_source": "true_goal",
    "reward_mode": "progress_terminal",
    "run": "rl_reachability_debug_run2_privileged_tcp_scratch_ppo",
    "samples_per_update": 40960,
    "state_dim": 31,
    "success_epsilon": 0.0025,
    "teacher_action_penalty_weight": 0.1,
    "terminal_weight": 1.0,
    "total_env_steps": 10240000,
    "update_epochs": 3,
    "updates": 250,
    "value_coef": 1.0
  },
  "trained_eval": {
    "action_l2_mean": 0.6025618784224083,
    "action_saturation": 0.113604736328125,
    "distance_reduction_mean": 0.5250524878501892,
    "fraction_improved_from_start": 0.816558837890625,
    "goal_reach_rate_eps": 0.43109130859375,
    "initial_distance_mean": 0.5896885991096497,
    "local_episodes": 32768,
    "p50_terminal_distance": 0.004402609542012215,
    "p90_terminal_distance": 0.12647882103919983,
    "p99_terminal_distance": 1.093788981437683,
    "reset_state_l2_mean": 0.0,
    "terminal_distance_mean": 0.06463611125946045
  },
  "trained_shuffled_goal_eval": {
    "action_l2_mean": 0.6239907384800564,
    "action_saturation": 0.1642333984375,
    "distance_reduction_mean": 0.28342899680137634,
    "fraction_improved_from_start": 0.699249267578125,
    "goal_reach_rate_eps": 0.33258056640625,
    "initial_distance_mean": 0.5896885991096497,
    "local_episodes": 32768,
    "p50_terminal_distance": 0.015047330409288406,
    "p90_terminal_distance": 0.9147989749908447,
    "p99_terminal_distance": 3.780233144760132,
    "reset_state_l2_mean": 0.0,
    "terminal_distance_mean": 0.3062596321105957
  }
}