{
  "checkpoint": "results/incremental/rl_reachability_debug/run7_dpsi_bc_advantage_b8_u1000/privileged_tcp_ppo_bc_advantage_terminal_n4096_seed0/latest.pt",
  "history_first": {
    "action_l2_mean": 0.5865030063406038,
    "action_saturation": 0.0201416015625,
    "clip_fraction": 0.041691081273408294,
    "elapsed_s": 8.712357735959813,
    "entropy": 1.2556797762711842,
    "explained_variance": -24.98411750793457,
    "global_step": 40960,
    "goal_reach_rate_eps": 0.156982421875,
    "mean_distance": 0.01791911673603198,
    "mean_initial_distance": 0.015539023858717776,
    "mean_return_per_step": -0.002116327511142213,
    "mean_terminal_distance": 0.01977574177552377,
    "nan_count": 0,
    "policy_kl": 0.004137655982049182,
    "policy_loss": -0.002540043905658725,
    "reset_state_l2_recent_mean": 0.0,
    "update": 1,
    "value_loss": 0.02337491277527685
  },
  "history_last": {
    "action_l2_mean": 0.4815852426032052,
    "action_saturation": 0.04287109375,
    "clip_fraction": 0.10050455845581989,
    "elapsed_s": 9837.905647295993,
    "entropy": -2.3916777074337006,
    "explained_variance": -7.472168922424316,
    "global_step": 40960000,
    "goal_reach_rate_eps": 0.982421875,
    "mean_distance": 0.002780769034925151,
    "mean_initial_distance": 0.008714504051312882,
    "mean_return_per_step": -3.7720975156790845e-05,
    "mean_terminal_distance": 0.0004731677131143315,
    "nan_count": 0,
    "policy_kl": 0.007579359827407946,
    "policy_loss": 0.00029139471886689233,
    "reset_state_l2_recent_mean": 0.0,
    "update": 1000,
    "value_loss": 0.0003016967921212199
  },
  "initial_eval": {
    "action_l2_mean": 0.0073858186965706455,
    "action_saturation": 0.0,
    "distance_reduction_mean": 0.005849362351000309,
    "fraction_improved_from_start": 0.978759765625,
    "goal_reach_rate_eps": 0.005615234375,
    "initial_distance_mean": 0.07791003584861755,
    "local_episodes": 8192,
    "p50_terminal_distance": 0.06663067638874054,
    "p90_terminal_distance": 0.13227052986621857,
    "p99_terminal_distance": 0.1971236616373062,
    "reset_state_l2_mean": 0.0,
    "terminal_distance_mean": 0.07206066697835922
  },
  "recipe": {
    "action_dim": 3,
    "bc_low_checkpoint": "artifacts/incremental/pre_rl/phase_c/k10/seed0/time_conditioned_tcp.pt",
    "clip_coef": 0.2,
    "dataset": "/home/digarcia/Desktop/hierarchical_control_from_latent_poc/data/rl_rerun/pusht_vector_state_demos_n4096_b8.h5",
    "distance_progress_weight": 1.0,
    "dpsi_checkpoint": "artifacts/incremental/rl_reachability_debug/run4_tcp_dpsi_ensemble/tcp_dpsi_ensemble.pt",
    "dpsi_target_scale": 1000.0,
    "entropy_coef": 0.0,
    "gae_lambda": 0.95,
    "gamma": 0.99,
    "goal_dim": 6,
    "horizon": 10,
    "init_checkpoint": null,
    "init_global_step": 0,
    "init_history_updates": 0,
    "initial_logstd": -1.0,
    "learning_rate": 0.0003,
    "max_grad_norm": 1.0,
    "minibatch_size": 5120,
    "normalizer_fit_actions": 1966080,
    "normalizer_fit_goals": 1671168,
    "normalizer_fit_states": 1998848,
    "num_envs": 4096,
    "num_minibatches": 8,
    "reward": "bc_advantage_terminal",
    "reward_distance_source": "dpsi",
    "reward_mode": "bc_advantage_terminal",
    "run": "rl_reachability_debug_run2_privileged_tcp_scratch_ppo",
    "samples_per_update": 40960,
    "state_dim": 31,
    "success_epsilon": 0.0025,
    "terminal_weight": 1.0,
    "total_env_steps": 40960000,
    "update_epochs": 3,
    "updates": 1000,
    "value_coef": 1.0
  },
  "trained_eval": {
    "action_l2_mean": 0.8646406663234529,
    "action_saturation": 0.29090576171875,
    "distance_reduction_mean": 0.0764620453119278,
    "fraction_improved_from_start": 0.999267578125,
    "goal_reach_rate_eps": 0.85986328125,
    "initial_distance_mean": 0.07791003584861755,
    "local_episodes": 8192,
    "p50_terminal_distance": 0.000696128117851913,
    "p90_terminal_distance": 0.0031548095867037773,
    "p99_terminal_distance": 0.012148608453571796,
    "reset_state_l2_mean": 0.0,
    "terminal_distance_mean": 0.001447985996492207
  },
  "trained_shuffled_goal_eval": {
    "action_l2_mean": 0.8517623098961735,
    "action_saturation": 0.29285888671875,
    "distance_reduction_mean": 0.04165947437286377,
    "fraction_improved_from_start": 0.83203125,
    "goal_reach_rate_eps": 0.08642578125,
    "initial_distance_mean": 0.07791003584861755,
    "local_episodes": 8192,
    "p50_terminal_distance": 0.0236985981464386,
    "p90_terminal_distance": 0.0889890268445015,
    "p99_terminal_distance": 0.1610436886548996,
    "reset_state_l2_mean": 0.0,
    "terminal_distance_mean": 0.036250557750463486
  }
}