{
  "checkpoint": "results/incremental/rl_reachability_debug/run28_full_iterative_agg_round1_bc_prior5_u250/privileged_full_ppo_progress_terminal_n4096_seed0/latest.pt",
  "history_first": {
    "action_l2_mean": 0.397365586353385,
    "action_saturation": 0.00771484375,
    "bc_prior_loss": 0.019908229898040492,
    "clip_fraction": 0.18920084911709031,
    "elapsed_s": 7.777133353985846,
    "entropy": -3.6649367213249207,
    "explained_variance": 0.8508060127496719,
    "global_step": 10280960,
    "goal_reach_rate_eps": 0.0,
    "mean_distance": 5.171831766911896,
    "mean_initial_distance": 6.483044553830041,
    "mean_return_per_step": 0.35429412453863735,
    "mean_terminal_distance": 1.4700516542325204,
    "nan_count": 0,
    "policy_kl": 0.015136553663372373,
    "policy_loss": 0.0009218714791738117,
    "reset_state_l2_recent_mean": 0.0,
    "teacher_action_mae": null,
    "update": 1,
    "value_loss": 3.7748059233029685
  },
  "history_last": {
    "action_l2_mean": 1.0393658883946046,
    "action_saturation": 0.1819580078125,
    "bc_prior_loss": 0.00928702651678274,
    "clip_fraction": 0.17487793268325427,
    "elapsed_s": 2024.181426525116,
    "entropy": -4.646876355012258,
    "explained_variance": 0.6803235411643982,
    "global_step": 20480000,
    "goal_reach_rate_eps": 0.0,
    "mean_distance": 7.78509234038579,
    "mean_initial_distance": 8.865181843691971,
    "mean_return_per_step": 0.6838508401402578,
    "mean_terminal_distance": 1.0133367238722713,
    "nan_count": 0,
    "policy_kl": 0.01353414190816693,
    "policy_loss": -0.000654289261243927,
    "reset_state_l2_recent_mean": 0.0,
    "teacher_action_mae": null,
    "update": 250,
    "value_loss": 8.468735575675964
  },
  "initial_eval": {
    "action_l2_mean": 0.6366521180329434,
    "action_saturation": 0.0439849853515625,
    "distance_reduction_mean": 9.516838073730469,
    "fraction_improved_from_start": 0.936767578125,
    "goal_reach_rate_eps": 3.0517578125e-05,
    "initial_distance_mean": 12.0404691696167,
    "local_episodes": 32768,
    "p50_terminal_distance": 0.9219568371772766,
    "p90_terminal_distance": 4.33323335647583,
    "p99_terminal_distance": 33.90535354614258,
    "reset_state_l2_mean": 0.0,
    "terminal_distance_mean": 2.5236310958862305
  },
  "recipe": {
    "action_dim": 3,
    "bc_low_checkpoint": null,
    "bc_prior_checkpoint": "artifacts/incremental/pre_rl/phase_c/k10/seed0/time_conditioned_full.pt",
    "bc_prior_weight": 5.0,
    "bc_warm_start": null,
    "clip_coef": 0.2,
    "dataset": "/home/digarcia/Desktop/hierarchical_control_from_latent_poc/data/rl_reachability_debug/full_reset_agg_round1_demo8_bc4_run26_4.h5",
    "distance_progress_weight": 1.0,
    "dpsi_checkpoint": null,
    "dpsi_target_scale": 1000.0,
    "entropy_coef": 0.0,
    "gae_lambda": 0.95,
    "gamma": 0.99,
    "goal_dim": 28,
    "goal_type": "full",
    "horizon": 10,
    "init_checkpoint": "results/incremental/rl_reachability_debug/run26_full_bc_prior_learned_high_mixture_u250/privileged_full_ppo_progress_terminal_n4096_seed0/latest.pt",
    "init_global_step": 10240000,
    "init_history_updates": 250,
    "initial_logstd": -2.3,
    "learning_rate": 0.0001,
    "max_grad_norm": 1.0,
    "minibatch_size": 5120,
    "normalizer_fit_actions": 3932160,
    "normalizer_fit_goals": 18677760,
    "normalizer_fit_states": 3997696,
    "normalizer_source": "results/incremental/rl_reachability_debug/run26_full_bc_prior_learned_high_mixture_u250/privileged_full_ppo_progress_terminal_n4096_seed0/latest.pt",
    "num_envs": 4096,
    "num_minibatches": 8,
    "recompute_held_goal_features": true,
    "reward": "progress_terminal",
    "reward_distance_source": "true_goal",
    "reward_mode": "progress_terminal",
    "run": "rl_reachability_debug_run2_privileged_tcp_scratch_ppo",
    "samples_per_update": 40960,
    "state_dim": 31,
    "success_epsilon": 0.0025,
    "teacher_action_penalty_weight": 0.0,
    "terminal_weight": 1.0,
    "total_env_steps": 10240000,
    "update_epochs": 3,
    "updates": 250,
    "value_coef": 1.0
  },
  "trained_eval": {
    "action_l2_mean": 0.6807659360529023,
    "action_saturation": 0.080206298828125,
    "distance_reduction_mean": 10.120543479919434,
    "fraction_improved_from_start": 0.939117431640625,
    "goal_reach_rate_eps": 0.0001220703125,
    "initial_distance_mean": 12.0404691696167,
    "local_episodes": 32768,
    "p50_terminal_distance": 0.5005300045013428,
    "p90_terminal_distance": 3.516287088394165,
    "p99_terminal_distance": 26.30231475830078,
    "reset_state_l2_mean": 0.0,
    "terminal_distance_mean": 1.9199261665344238
  },
  "trained_shuffled_goal_eval": {
    "action_l2_mean": 0.6588472328919519,
    "action_saturation": 0.049951171875,
    "distance_reduction_mean": 4.598310947418213,
    "fraction_improved_from_start": 0.63299560546875,
    "goal_reach_rate_eps": 0.0,
    "initial_distance_mean": 12.0404691696167,
    "local_episodes": 32768,
    "p50_terminal_distance": 5.536894798278809,
    "p90_terminal_distance": 13.779412269592285,
    "p99_terminal_distance": 40.989009857177734,
    "reset_state_l2_mean": 0.0,
    "terminal_distance_mean": 7.4421586990356445
  }
}