{
  "checkpoint": "results/incremental/rl_reachability_debug/run23_full_reset_mixture_learned_high_penalty10_u250/privileged_full_ppo_progress_terminal_n4096_seed0/latest.pt",
  "history_first": {
    "action_l2_mean": 0.3464782814874866,
    "action_saturation": 0.0008544921875,
    "clip_fraction": 0.35162760751942795,
    "elapsed_s": 7.653944696998224,
    "entropy": -7.121747593084971,
    "explained_variance": 0.7588393986225128,
    "global_step": 92200960,
    "goal_reach_rate_eps": 0.0,
    "mean_distance": 5.461985823441455,
    "mean_initial_distance": 6.826345816435833,
    "mean_return_per_step": -0.10093637456791385,
    "mean_terminal_distance": 2.5539051151529293,
    "nan_count": 0,
    "policy_kl": 0.03743077403244873,
    "policy_loss": 0.013334385548053737,
    "reset_state_l2_recent_mean": 0.0,
    "teacher_action_mae": 0.27278993218112646,
    "update": 1,
    "value_loss": 2.6809371958176293
  },
  "history_last": {
    "action_l2_mean": 0.815828557173154,
    "action_saturation": 0.005908203125,
    "clip_fraction": 0.4951904397457838,
    "elapsed_s": 1981.0192321378272,
    "entropy": -6.963380654652913,
    "explained_variance": 0.8811664283275604,
    "global_step": 102400000,
    "goal_reach_rate_eps": 0.0,
    "mean_distance": 5.187968269785051,
    "mean_initial_distance": 8.865181843691971,
    "mean_return_per_step": 0.30795826942476195,
    "mean_terminal_distance": 1.4819010561786854,
    "nan_count": 0,
    "policy_kl": 0.07463589132142563,
    "policy_loss": 0.040642799731964864,
    "reset_state_l2_recent_mean": 0.0,
    "teacher_action_mae": 0.28217970207967935,
    "update": 250,
    "value_loss": 0.37584718751410645
  },
  "initial_eval": {
    "action_l2_mean": 0.5400953122908912,
    "action_saturation": 0.00341796875,
    "distance_reduction_mean": 9.527093887329102,
    "fraction_improved_from_start": 0.9464111328125,
    "goal_reach_rate_eps": 0.000244140625,
    "initial_distance_mean": 11.900300979614258,
    "local_episodes": 32768,
    "p50_terminal_distance": 1.4898900985717773,
    "p90_terminal_distance": 4.369710922241211,
    "p99_terminal_distance": 20.474184036254883,
    "reset_state_l2_mean": 0.0,
    "terminal_distance_mean": 2.3732070922851562
  },
  "recipe": {
    "action_dim": 3,
    "bc_low_checkpoint": null,
    "clip_coef": 0.2,
    "dataset": "/home/digarcia/Desktop/hierarchical_control_from_latent_poc/data/rl_reachability_debug/full_reset_mixture_demo8_bc4_run22_4.h5",
    "distance_progress_weight": 1.0,
    "dpsi_checkpoint": null,
    "dpsi_target_scale": 1000.0,
    "entropy_coef": 0.0,
    "gae_lambda": 0.95,
    "gamma": 0.99,
    "goal_dim": 28,
    "goal_type": "full",
    "horizon": 10,
    "init_checkpoint": "results/incremental/rl_reachability_debug/run22_full_goal_recomputed_penalty10_continue2_u1000/privileged_full_ppo_progress_terminal_n4096_seed0/latest.pt",
    "init_global_step": 92160000,
    "init_history_updates": 1000,
    "initial_logstd": -1.0,
    "learning_rate": 0.0003,
    "max_grad_norm": 1.0,
    "minibatch_size": 5120,
    "normalizer_fit_actions": 3932160,
    "normalizer_fit_goals": 18677760,
    "normalizer_fit_states": 3997696,
    "normalizer_source": "results/incremental/rl_reachability_debug/run22_full_goal_recomputed_penalty10_continue2_u1000/privileged_full_ppo_progress_terminal_n4096_seed0/latest.pt",
    "num_envs": 4096,
    "num_minibatches": 8,
    "recompute_held_goal_features": true,
    "reward": "progress_terminal",
    "reward_distance_source": "true_goal",
    "reward_mode": "progress_terminal",
    "run": "rl_reachability_debug_run2_privileged_tcp_scratch_ppo",
    "samples_per_update": 40960,
    "state_dim": 31,
    "success_epsilon": 0.0025,
    "teacher_action_penalty_weight": 1.0,
    "terminal_weight": 1.0,
    "total_env_steps": 10240000,
    "update_epochs": 3,
    "updates": 250,
    "value_coef": 1.0
  },
  "trained_eval": {
    "action_l2_mean": 0.5639200890054663,
    "action_saturation": 0.0033203125,
    "distance_reduction_mean": 9.770879745483398,
    "fraction_improved_from_start": 0.96002197265625,
    "goal_reach_rate_eps": 0.0,
    "initial_distance_mean": 11.900300979614258,
    "local_episodes": 32768,
    "p50_terminal_distance": 1.319727897644043,
    "p90_terminal_distance": 3.8529715538024902,
    "p99_terminal_distance": 17.02561378479004,
    "reset_state_l2_mean": 0.0,
    "terminal_distance_mean": 2.1294217109680176
  },
  "trained_shuffled_goal_eval": {
    "action_l2_mean": 0.5792139462936063,
    "action_saturation": 0.0024749755859375,
    "distance_reduction_mean": 6.7500810623168945,
    "fraction_improved_from_start": 0.755523681640625,
    "goal_reach_rate_eps": 0.0,
    "initial_distance_mean": 11.900300979614258,
    "local_episodes": 32768,
    "p50_terminal_distance": 4.219986915588379,
    "p90_terminal_distance": 8.277591705322266,
    "p99_terminal_distance": 25.597341537475586,
    "reset_state_l2_mean": 0.0,
    "terminal_distance_mean": 5.150218963623047
  }
}