{
  "checkpoint": "results/incremental/rl_reachability_debug/run29_full_iterative_agg_round2_bc_prior5_u250/privileged_full_ppo_progress_terminal_n4096_seed0/latest.pt",
  "history_first": {
    "action_l2_mean": 0.433394623372169,
    "action_saturation": 0.01787109375,
    "bc_prior_loss": 0.009378161009711524,
    "clip_fraction": 0.13261718939368924,
    "elapsed_s": 7.825319103896618,
    "entropy": -4.64996463060379,
    "explained_variance": 0.9770016707479954,
    "global_step": 20520960,
    "goal_reach_rate_eps": 0.0,
    "mean_distance": 6.183031463004409,
    "mean_initial_distance": 7.376788965277456,
    "mean_return_per_step": 0.5824773623879537,
    "mean_terminal_distance": 0.776007671666207,
    "nan_count": 0,
    "policy_kl": 0.009907567965759275,
    "policy_loss": -0.0013181080721551552,
    "reset_state_l2_recent_mean": 0.0,
    "teacher_action_mae": null,
    "update": 1,
    "value_loss": 0.8054336309432983
  },
  "history_last": {
    "action_l2_mean": 1.0031471821348532,
    "action_saturation": 0.09287109375,
    "bc_prior_loss": 0.019736493782450754,
    "clip_fraction": 0.13193359641203037,
    "elapsed_s": 1995.817618058063,
    "entropy": -5.4685622453689575,
    "explained_variance": 0.8126523196697235,
    "global_step": 30720000,
    "goal_reach_rate_eps": 0.0,
    "mean_distance": 8.573872376114377,
    "mean_initial_distance": 8.865181843691971,
    "mean_return_per_step": 0.6676782751940664,
    "mean_terminal_distance": 1.0941995478642639,
    "nan_count": 0,
    "policy_kl": 0.009574412782967556,
    "policy_loss": -0.0002580725073736782,
    "reset_state_l2_recent_mean": 0.0,
    "teacher_action_mae": null,
    "update": 250,
    "value_loss": 5.40499750773112
  },
  "initial_eval": {
    "action_l2_mean": 0.6588037244123548,
    "action_saturation": 0.079852294921875,
    "distance_reduction_mean": 10.80801010131836,
    "fraction_improved_from_start": 0.933563232421875,
    "goal_reach_rate_eps": 0.000152587890625,
    "initial_distance_mean": 12.45359992980957,
    "local_episodes": 32768,
    "p50_terminal_distance": 0.35416102409362793,
    "p90_terminal_distance": 2.680856704711914,
    "p99_terminal_distance": 24.603300094604492,
    "reset_state_l2_mean": 0.0,
    "terminal_distance_mean": 1.6455893516540527
  },
  "recipe": {
    "action_dim": 3,
    "bc_low_checkpoint": null,
    "bc_prior_checkpoint": "artifacts/incremental/pre_rl/phase_c/k10/seed0/time_conditioned_full.pt",
    "bc_prior_weight": 5.0,
    "bc_warm_start": null,
    "clip_coef": 0.2,
    "dataset": "/home/digarcia/Desktop/hierarchical_control_from_latent_poc/data/rl_reachability_debug/full_reset_agg_round2_demo8_bc4_run28_4.h5",
    "distance_progress_weight": 1.0,
    "dpsi_checkpoint": null,
    "dpsi_target_scale": 1000.0,
    "entropy_coef": 0.0,
    "gae_lambda": 0.95,
    "gamma": 0.99,
    "goal_dim": 28,
    "goal_type": "full",
    "horizon": 10,
    "init_checkpoint": "results/incremental/rl_reachability_debug/run28_full_iterative_agg_round1_bc_prior5_u250/privileged_full_ppo_progress_terminal_n4096_seed0/latest.pt",
    "init_global_step": 20480000,
    "init_history_updates": 250,
    "initial_logstd": -2.3,
    "learning_rate": 0.0001,
    "max_grad_norm": 1.0,
    "minibatch_size": 5120,
    "normalizer_fit_actions": 3932160,
    "normalizer_fit_goals": 18677760,
    "normalizer_fit_states": 3997696,
    "normalizer_source": "results/incremental/rl_reachability_debug/run28_full_iterative_agg_round1_bc_prior5_u250/privileged_full_ppo_progress_terminal_n4096_seed0/latest.pt",
    "num_envs": 4096,
    "num_minibatches": 8,
    "recompute_held_goal_features": true,
    "reward": "progress_terminal",
    "reward_distance_source": "true_goal",
    "reward_mode": "progress_terminal",
    "run": "rl_reachability_debug_run2_privileged_tcp_scratch_ppo",
    "samples_per_update": 40960,
    "state_dim": 31,
    "success_epsilon": 0.0025,
    "teacher_action_penalty_weight": 0.0,
    "terminal_weight": 1.0,
    "total_env_steps": 10240000,
    "update_epochs": 3,
    "updates": 250,
    "value_coef": 1.0
  },
  "trained_eval": {
    "action_l2_mean": 0.6520176965724357,
    "action_saturation": 0.092041015625,
    "distance_reduction_mean": 10.76430892944336,
    "fraction_improved_from_start": 0.94244384765625,
    "goal_reach_rate_eps": 6.103515625e-05,
    "initial_distance_mean": 12.45359992980957,
    "local_episodes": 32768,
    "p50_terminal_distance": 0.3432433605194092,
    "p90_terminal_distance": 2.7062814235687256,
    "p99_terminal_distance": 25.634723663330078,
    "reset_state_l2_mean": 0.0,
    "terminal_distance_mean": 1.68929123878479
  },
  "trained_shuffled_goal_eval": {
    "action_l2_mean": 0.6310791981919749,
    "action_saturation": 0.05404052734375,
    "distance_reduction_mean": 5.456832408905029,
    "fraction_improved_from_start": 0.6466064453125,
    "goal_reach_rate_eps": 0.0,
    "initial_distance_mean": 12.45359992980957,
    "local_episodes": 32768,
    "p50_terminal_distance": 5.010378837585449,
    "p90_terminal_distance": 13.705678939819336,
    "p99_terminal_distance": 40.55824279785156,
    "reset_state_l2_mean": 0.0,
    "terminal_distance_mean": 6.996767520904541
  }
}