{
  "checkpoint": "results/incremental/rl_reachability_debug/run6_true_tcp_b8_u1000/privileged_tcp_ppo_progress_terminal_n4096_seed0/latest.pt",
  "history_first": {
    "action_l2_mean": 0.5865030063406038,
    "action_saturation": 0.0201416015625,
    "clip_fraction": 0.040730794683137596,
    "elapsed_s": 7.793335787951946,
    "entropy": 1.2549517105023067,
    "explained_variance": -25.291086196899414,
    "global_step": 40960,
    "goal_reach_rate_eps": 0.156982421875,
    "mean_distance": 0.015638018062509577,
    "mean_initial_distance": 0.013001284294826887,
    "mean_return_per_step": -0.0026550199262517283,
    "mean_terminal_distance": 0.01977574177552377,
    "nan_count": 0,
    "policy_kl": 0.004059928639132219,
    "policy_loss": -0.0025754346958516785,
    "reset_state_l2_recent_mean": 0.0,
    "update": 1,
    "value_loss": 0.023363920452538878
  },
  "history_last": {
    "action_l2_mean": 0.6745661796527657,
    "action_saturation": 0.122509765625,
    "clip_fraction": 0.21946614825477204,
    "elapsed_s": 8396.498148346785,
    "entropy": -3.867121229569117,
    "explained_variance": 0.8325701653957367,
    "global_step": 40960000,
    "goal_reach_rate_eps": 0.99560546875,
    "mean_distance": 0.002137894288051341,
    "mean_initial_distance": 0.007667760588486221,
    "mean_return_per_step": 0.000729853847804032,
    "mean_terminal_distance": 0.00018461105572769622,
    "nan_count": 0,
    "policy_kl": 0.017571497126482427,
    "policy_loss": 0.006222885715639374,
    "reset_state_l2_recent_mean": 0.0,
    "update": 1000,
    "value_loss": 2.3031847244207406e-06
  },
  "initial_eval": {
    "action_l2_mean": 0.0073858186965706455,
    "action_saturation": 0.0,
    "distance_reduction_mean": 0.005849362351000309,
    "fraction_improved_from_start": 0.978759765625,
    "goal_reach_rate_eps": 0.005615234375,
    "initial_distance_mean": 0.07791003584861755,
    "local_episodes": 8192,
    "p50_terminal_distance": 0.06663067638874054,
    "p90_terminal_distance": 0.13227052986621857,
    "p99_terminal_distance": 0.1971236616373062,
    "reset_state_l2_mean": 0.0,
    "terminal_distance_mean": 0.07206066697835922
  },
  "recipe": {
    "action_dim": 3,
    "clip_coef": 0.2,
    "dataset": "/home/digarcia/Desktop/hierarchical_control_from_latent_poc/data/rl_rerun/pusht_vector_state_demos_n4096_b8.h5",
    "distance_progress_weight": 1.0,
    "dpsi_checkpoint": null,
    "dpsi_target_scale": 1000.0,
    "entropy_coef": 0.0,
    "gae_lambda": 0.95,
    "gamma": 0.99,
    "goal_dim": 6,
    "horizon": 10,
    "init_checkpoint": null,
    "init_global_step": 0,
    "init_history_updates": 0,
    "initial_logstd": -1.0,
    "learning_rate": 0.0003,
    "max_grad_norm": 1.0,
    "minibatch_size": 5120,
    "normalizer_fit_actions": 1966080,
    "normalizer_fit_goals": 1671168,
    "normalizer_fit_states": 1998848,
    "num_envs": 4096,
    "num_minibatches": 8,
    "reward": "tcp_position_squared_progress_minus_terminal_tcp_position_squared_distance",
    "reward_distance_source": "true_tcp",
    "reward_mode": "progress_terminal",
    "run": "rl_reachability_debug_run2_privileged_tcp_scratch_ppo",
    "samples_per_update": 40960,
    "state_dim": 31,
    "success_epsilon": 0.0025,
    "terminal_weight": 1.0,
    "total_env_steps": 40960000,
    "update_epochs": 3,
    "updates": 1000,
    "value_coef": 1.0
  },
  "trained_eval": {
    "action_l2_mean": 0.8656783664757484,
    "action_saturation": 0.32064208984375,
    "distance_reduction_mean": 0.07746031880378723,
    "fraction_improved_from_start": 0.9998779296875,
    "goal_reach_rate_eps": 0.9759521484375,
    "initial_distance_mean": 0.07791003584861755,
    "local_episodes": 8192,
    "p50_terminal_distance": 0.00017275166464969516,
    "p90_terminal_distance": 0.0011139031266793609,
    "p99_terminal_distance": 0.0038127002771943808,
    "reset_state_l2_mean": 0.0,
    "terminal_distance_mean": 0.00044972216710448265
  },
  "trained_shuffled_goal_eval": {
    "action_l2_mean": 0.8666379538871525,
    "action_saturation": 0.32315673828125,
    "distance_reduction_mean": 0.040272463113069534,
    "fraction_improved_from_start": 0.8189697265625,
    "goal_reach_rate_eps": 0.0936279296875,
    "initial_distance_mean": 0.07791003584861755,
    "local_episodes": 8192,
    "p50_terminal_distance": 0.023992225527763367,
    "p90_terminal_distance": 0.09250417351722717,
    "p99_terminal_distance": 0.1652897447347641,
    "reset_state_l2_mean": 0.0,
    "terminal_distance_mean": 0.03763756901025772
  }
}