{
  "checkpoint": "results/incremental/rl_reachability_debug/run26_full_bc_prior_learned_high_mixture_u250/privileged_full_ppo_progress_terminal_n4096_seed0/latest.pt",
  "history_first": {
    "action_l2_mean": 0.32203473131888816,
    "action_saturation": 0.00302734375,
    "bc_prior_loss": 0.0032693189568817616,
    "clip_fraction": 0.15222982037812471,
    "elapsed_s": 6.810538450954482,
    "entropy": -2.6444206635157266,
    "explained_variance": 0.0014352798461914062,
    "global_step": 40960,
    "goal_reach_rate_eps": 0.0,
    "mean_distance": 1.95126780996589,
    "mean_initial_distance": 2.2197783516108416,
    "mean_return_per_step": -0.20114710958811202,
    "mean_terminal_distance": 2.1156247200643747,
    "nan_count": 0,
    "policy_kl": 0.012236750490653018,
    "policy_loss": -0.004261092743642318,
    "reset_state_l2_recent_mean": 0.0,
    "teacher_action_mae": null,
    "update": 1,
    "value_loss": 38.99235876401266
  },
  "history_last": {
    "action_l2_mean": 0.37926982864155434,
    "action_saturation": 0.003173828125,
    "bc_prior_loss": 0.012283983562762538,
    "clip_fraction": 0.14007161697372794,
    "elapsed_s": 2045.0832122170832,
    "entropy": -3.6580064396063485,
    "explained_variance": 0.9646550305187702,
    "global_step": 10240000,
    "goal_reach_rate_eps": 0.0,
    "mean_distance": 4.379234537960012,
    "mean_initial_distance": 6.312668050304367,
    "mean_return_per_step": 0.5182079799630458,
    "mean_terminal_distance": 0.56529412306827,
    "nan_count": 0,
    "policy_kl": 0.010163910774281248,
    "policy_loss": -0.0013976867048768327,
    "reset_state_l2_recent_mean": 0.0,
    "teacher_action_mae": null,
    "update": 250,
    "value_loss": 0.5833457671105862
  },
  "initial_eval": {
    "action_l2_mean": 0.796477868476417,
    "action_saturation": 0.13836669921875,
    "distance_reduction_mean": 6.575072765350342,
    "fraction_improved_from_start": 0.767822265625,
    "goal_reach_rate_eps": 0.000244140625,
    "initial_distance_mean": 11.900300979614258,
    "local_episodes": 32768,
    "p50_terminal_distance": 1.5707592964172363,
    "p90_terminal_distance": 12.163225173950195,
    "p99_terminal_distance": 59.8115234375,
    "reset_state_l2_mean": 0.0,
    "terminal_distance_mean": 5.325228691101074
  },
  "recipe": {
    "action_dim": 3,
    "bc_low_checkpoint": null,
    "bc_prior_checkpoint": "artifacts/incremental/pre_rl/phase_c/k10/seed0/time_conditioned_full.pt",
    "bc_prior_weight": 1.0,
    "bc_warm_start": {
      "batch_size": 8192,
      "checkpoint": "artifacts/incremental/pre_rl/phase_c/k10/seed0/time_conditioned_full.pt",
      "final_mse": 0.00224221870303154,
      "initial_mse": 0.23708608746528625,
      "learning_rate": 0.001,
      "steps": 1000
    },
    "clip_coef": 0.2,
    "dataset": "/home/digarcia/Desktop/hierarchical_control_from_latent_poc/data/rl_reachability_debug/full_reset_mixture_demo8_bc4_run22_4.h5",
    "distance_progress_weight": 1.0,
    "dpsi_checkpoint": null,
    "dpsi_target_scale": 1000.0,
    "entropy_coef": 0.0,
    "gae_lambda": 0.95,
    "gamma": 0.99,
    "goal_dim": 28,
    "goal_type": "full",
    "horizon": 10,
    "init_checkpoint": null,
    "init_global_step": 0,
    "init_history_updates": 0,
    "initial_logstd": -2.3,
    "learning_rate": 0.0001,
    "max_grad_norm": 1.0,
    "minibatch_size": 5120,
    "normalizer_fit_actions": 3932160,
    "normalizer_fit_goals": 18677760,
    "normalizer_fit_states": 3997696,
    "normalizer_source": "dataset",
    "num_envs": 4096,
    "num_minibatches": 8,
    "recompute_held_goal_features": true,
    "reward": "progress_terminal",
    "reward_distance_source": "true_goal",
    "reward_mode": "progress_terminal",
    "run": "rl_reachability_debug_run2_privileged_tcp_scratch_ppo",
    "samples_per_update": 40960,
    "state_dim": 31,
    "success_epsilon": 0.0025,
    "teacher_action_penalty_weight": 0.0,
    "terminal_weight": 1.0,
    "total_env_steps": 10240000,
    "update_epochs": 3,
    "updates": 250,
    "value_coef": 1.0
  },
  "trained_eval": {
    "action_l2_mean": 0.698540079248852,
    "action_saturation": 0.0362213134765625,
    "distance_reduction_mean": 8.234735488891602,
    "fraction_improved_from_start": 0.856781005859375,
    "goal_reach_rate_eps": 3.0517578125e-05,
    "initial_distance_mean": 11.900300979614258,
    "local_episodes": 32768,
    "p50_terminal_distance": 1.6723995208740234,
    "p90_terminal_distance": 7.218037128448486,
    "p99_terminal_distance": 39.177330017089844,
    "reset_state_l2_mean": 0.0,
    "terminal_distance_mean": 3.6655654907226562
  },
  "trained_shuffled_goal_eval": {
    "action_l2_mean": 0.6627899607639293,
    "action_saturation": 0.03621826171875,
    "distance_reduction_mean": 3.263446569442749,
    "fraction_improved_from_start": 0.593597412109375,
    "goal_reach_rate_eps": 0.0,
    "initial_distance_mean": 11.900300979614258,
    "local_episodes": 32768,
    "p50_terminal_distance": 6.597718238830566,
    "p90_terminal_distance": 15.159991264343262,
    "p99_terminal_distance": 45.85123825073242,
    "reset_state_l2_mean": 0.0,
    "terminal_distance_mean": 8.636855125427246
  }
}