{
  "checkpoint": "results/incremental/rl_reachability_debug/run6_dpsi_b8_u1000/privileged_tcp_ppo_progress_terminal_n4096_seed0/latest.pt",
  "history_first": {
    "action_l2_mean": 0.5865030063406038,
    "action_saturation": 0.0201416015625,
    "clip_fraction": 0.040698243018899426,
    "elapsed_s": 7.847420376027003,
    "entropy": 1.2549870212872822,
    "explained_variance": -25.673654556274414,
    "global_step": 40960,
    "goal_reach_rate_eps": 0.156982421875,
    "mean_distance": 0.01791911673603198,
    "mean_initial_distance": 0.015539023858717776,
    "mean_return_per_step": -0.0027953823008820934,
    "mean_terminal_distance": 0.01977574177552377,
    "nan_count": 0,
    "policy_kl": 0.0040719201060710475,
    "policy_loss": -0.002543680455952805,
    "reset_state_l2_recent_mean": 0.0,
    "update": 1,
    "value_loss": 0.023533267454088975
  },
  "history_last": {
    "action_l2_mean": 0.41365290403277866,
    "action_saturation": 0.05244140625,
    "clip_fraction": 0.18423665687441826,
    "elapsed_s": 8382.272016227013,
    "entropy": -4.43020377556483,
    "explained_variance": 0.8855824619531631,
    "global_step": 40960000,
    "goal_reach_rate_eps": 0.998779296875,
    "mean_distance": 0.002395172006217389,
    "mean_initial_distance": 0.008714504051312882,
    "mean_return_per_step": 0.0008324458823526137,
    "mean_terminal_distance": 8.867757378191359e-05,
    "nan_count": 0,
    "policy_kl": 0.014337359035077194,
    "policy_loss": 0.005366120218241122,
    "reset_state_l2_recent_mean": 0.0,
    "update": 1000,
    "value_loss": 1.8911818671085712e-06
  },
  "initial_eval": {
    "action_l2_mean": 0.0073858186965706455,
    "action_saturation": 0.0,
    "distance_reduction_mean": 0.005849362351000309,
    "fraction_improved_from_start": 0.978759765625,
    "goal_reach_rate_eps": 0.005615234375,
    "initial_distance_mean": 0.07791003584861755,
    "local_episodes": 8192,
    "p50_terminal_distance": 0.06663067638874054,
    "p90_terminal_distance": 0.13227052986621857,
    "p99_terminal_distance": 0.1971236616373062,
    "reset_state_l2_mean": 0.0,
    "terminal_distance_mean": 0.07206066697835922
  },
  "recipe": {
    "action_dim": 3,
    "clip_coef": 0.2,
    "dataset": "/home/digarcia/Desktop/hierarchical_control_from_latent_poc/data/rl_rerun/pusht_vector_state_demos_n4096_b8.h5",
    "distance_progress_weight": 1.0,
    "dpsi_checkpoint": "artifacts/incremental/rl_reachability_debug/run4_tcp_dpsi_ensemble/tcp_dpsi_ensemble.pt",
    "dpsi_target_scale": 1000.0,
    "entropy_coef": 0.0,
    "gae_lambda": 0.95,
    "gamma": 0.99,
    "goal_dim": 6,
    "horizon": 10,
    "init_checkpoint": null,
    "init_global_step": 0,
    "init_history_updates": 0,
    "initial_logstd": -1.0,
    "learning_rate": 0.0003,
    "max_grad_norm": 1.0,
    "minibatch_size": 5120,
    "normalizer_fit_actions": 1966080,
    "normalizer_fit_goals": 1671168,
    "normalizer_fit_states": 1998848,
    "num_envs": 4096,
    "num_minibatches": 8,
    "reward": "learned_dpsi_progress_minus_terminal_learned_dpsi_distance",
    "reward_distance_source": "dpsi",
    "reward_mode": "progress_terminal",
    "run": "rl_reachability_debug_run2_privileged_tcp_scratch_ppo",
    "samples_per_update": 40960,
    "state_dim": 31,
    "success_epsilon": 0.0025,
    "terminal_weight": 1.0,
    "total_env_steps": 40960000,
    "update_epochs": 3,
    "updates": 1000,
    "value_coef": 1.0
  },
  "trained_eval": {
    "action_l2_mean": 0.800494987893876,
    "action_saturation": 0.33272705078125,
    "distance_reduction_mean": 0.07758022844791412,
    "fraction_improved_from_start": 1.0,
    "goal_reach_rate_eps": 0.9901123046875,
    "initial_distance_mean": 0.07791003584861755,
    "local_episodes": 8192,
    "p50_terminal_distance": 0.00020927248988300562,
    "p90_terminal_distance": 0.0006295639905147254,
    "p99_terminal_distance": 0.002496510511264205,
    "reset_state_l2_mean": 0.0,
    "terminal_distance_mean": 0.00032980157993733883
  },
  "trained_shuffled_goal_eval": {
    "action_l2_mean": 0.7885391486129152,
    "action_saturation": 0.32530517578125,
    "distance_reduction_mean": 0.04229617118835449,
    "fraction_improved_from_start": 0.825927734375,
    "goal_reach_rate_eps": 0.095458984375,
    "initial_distance_mean": 0.07791003584861755,
    "local_episodes": 8192,
    "p50_terminal_distance": 0.02327236346900463,
    "p90_terminal_distance": 0.08724314719438553,
    "p99_terminal_distance": 0.15407730638980865,
    "reset_state_l2_mean": 0.0,
    "terminal_distance_mean": 0.03561386466026306
  }
}