{
  "checkpoint": "results/incremental/rl_reachability_debug/run13_object_pose_teacher_penalty05_b8_u250/privileged_object_pose_ppo_progress_terminal_n4096_seed0/latest.pt",
  "history_first": {
    "action_l2_mean": 0.5865146001235985,
    "action_saturation": 0.0202392578125,
    "clip_fraction": 0.08316243657221396,
    "elapsed_s": 7.824618287151679,
    "entropy": 1.2467533548672993,
    "explained_variance": -0.4787559509277344,
    "global_step": 40960,
    "goal_reach_rate_eps": 0.45751953125,
    "mean_distance": 0.026247499379384892,
    "mean_initial_distance": 0.018525052739640054,
    "mean_return_per_step": -0.21175958051971974,
    "mean_terminal_distance": 0.03594519428645379,
    "nan_count": 0,
    "policy_kl": 0.0064933367490690825,
    "policy_loss": -0.008144557648241365,
    "reset_state_l2_recent_mean": 0.0,
    "teacher_action_mae": 0.412846093897565,
    "update": 1,
    "value_loss": 0.21208506108572087
  },
  "history_last": {
    "action_l2_mean": 0.9012669685566834,
    "action_saturation": 0.337451171875,
    "clip_fraction": 0.19979655292506018,
    "elapsed_s": 2032.8245525250677,
    "entropy": -2.5862328807512918,
    "explained_variance": 0.7793826013803482,
    "global_step": 10240000,
    "goal_reach_rate_eps": 0.174560546875,
    "mean_distance": 0.5949841600041428,
    "mean_initial_distance": 1.0542191918024577,
    "mean_return_per_step": -0.00275265701793046,
    "mean_terminal_distance": 0.12546643548665365,
    "nan_count": 0,
    "policy_kl": 0.015139061103885373,
    "policy_loss": -0.00147552783316011,
    "reset_state_l2_recent_mean": 0.0,
    "teacher_action_mae": 0.1661625778828409,
    "update": 250,
    "value_loss": 0.06508749909698963
  },
  "initial_eval": {
    "action_l2_mean": 0.005691805457176536,
    "action_saturation": 0.0,
    "distance_reduction_mean": 0.0206591933965683,
    "fraction_improved_from_start": 0.625823974609375,
    "goal_reach_rate_eps": 0.240997314453125,
    "initial_distance_mean": 0.5896885991096497,
    "local_episodes": 32768,
    "p50_terminal_distance": 0.13569185137748718,
    "p90_terminal_distance": 1.9495702981948853,
    "p99_terminal_distance": 3.282142400741577,
    "reset_state_l2_mean": 0.0,
    "terminal_distance_mean": 0.5690294504165649
  },
  "recipe": {
    "action_dim": 3,
    "bc_low_checkpoint": null,
    "clip_coef": 0.2,
    "dataset": "/home/digarcia/Desktop/hierarchical_control_from_latent_poc/data/rl_rerun/pusht_vector_state_demos_n4096_b8.h5",
    "distance_progress_weight": 1.0,
    "dpsi_checkpoint": null,
    "dpsi_target_scale": 1000.0,
    "entropy_coef": 0.0,
    "gae_lambda": 0.95,
    "gamma": 0.99,
    "goal_dim": 4,
    "goal_type": "object_pose",
    "horizon": 10,
    "init_checkpoint": null,
    "init_global_step": 0,
    "init_history_updates": 0,
    "initial_logstd": -1.0,
    "learning_rate": 0.0003,
    "max_grad_norm": 1.0,
    "minibatch_size": 5120,
    "normalizer_fit_actions": 1966080,
    "normalizer_fit_goals": 1671168,
    "normalizer_fit_states": 1998848,
    "num_envs": 4096,
    "num_minibatches": 8,
    "reward": "progress_terminal",
    "reward_distance_source": "true_goal",
    "reward_mode": "progress_terminal",
    "run": "rl_reachability_debug_run2_privileged_tcp_scratch_ppo",
    "samples_per_update": 40960,
    "state_dim": 31,
    "success_epsilon": 0.0025,
    "teacher_action_penalty_weight": 0.5,
    "terminal_weight": 1.0,
    "total_env_steps": 10240000,
    "update_epochs": 3,
    "updates": 250,
    "value_coef": 1.0
  },
  "trained_eval": {
    "action_l2_mean": 0.674200113800769,
    "action_saturation": 0.19473876953125,
    "distance_reduction_mean": 0.5482401251792908,
    "fraction_improved_from_start": 0.84393310546875,
    "goal_reach_rate_eps": 0.48004150390625,
    "initial_distance_mean": 0.5896885991096497,
    "local_episodes": 32768,
    "p50_terminal_distance": 0.0028435862623155117,
    "p90_terminal_distance": 0.07541719079017639,
    "p99_terminal_distance": 0.8353338837623596,
    "reset_state_l2_mean": 0.0,
    "terminal_distance_mean": 0.04144845902919769
  },
  "trained_shuffled_goal_eval": {
    "action_l2_mean": 0.6661182593725006,
    "action_saturation": 0.1925323486328125,
    "distance_reduction_mean": 0.33656370639801025,
    "fraction_improved_from_start": 0.730224609375,
    "goal_reach_rate_eps": 0.3712158203125,
    "initial_distance_mean": 0.5896885991096497,
    "local_episodes": 32768,
    "p50_terminal_distance": 0.009218968451023102,
    "p90_terminal_distance": 0.687913179397583,
    "p99_terminal_distance": 3.6935412883758545,
    "reset_state_l2_mean": 0.0,
    "terminal_distance_mean": 0.2531248927116394
  }
}