{
  "block_ranges": {
    "goal": [
      6549,
      7061
    ],
    "observation": [
      0,
      6549
    ],
    "previous_action": [
      7061,
      7064
    ],
    "remaining": [
      7064,
      7065
    ]
  },
  "condition_dim": 7065,
  "dataset": "data/rl_rerun/pusht_vector_state_demos_n512_val_b1.h5",
  "horizon": 10,
  "interpretation": "Measures deterministic action changes when condition blocks are zeroed or shuffled across same-batch samples.",
  "method": "rl_rerun_condition_block_sensitivity",
  "n_demo": 500,
  "policies": {
    "frozen": {
      "goal": {
        "block_l2": {
          "max": 51.844520568847656,
          "mean": 20.38294477108866,
          "median": 19.487674713134766,
          "p90": 26.32096004486084
        },
        "shuffle_action_l2": {
          "max": 0.7904219031333923,
          "mean": 0.04438295908958878,
          "median": 0.028328726068139076,
          "p90": 0.08701427653431892
        },
        "zero_action_l2": {
          "max": 0.6169116497039795,
          "mean": 0.03429018382915672,
          "median": 0.02020546142011881,
          "p90": 0.06589915230870247
        }
      },
      "observation": {
        "block_l2": {
          "max": 148.82351684570312,
          "mean": 79.36015983484685,
          "median": 76.76921463012695,
          "p90": 99.06088638305664
        },
        "shuffle_action_l2": {
          "max": 2.465021848678589,
          "mean": 0.8357016547063267,
          "median": 0.8091946244239807,
          "p90": 1.4156239032745361
        },
        "zero_action_l2": {
          "max": 1.4954640865325928,
          "mean": 0.45979000145871396,
          "median": 0.40614327788352966,
          "p90": 0.796926349401474
        }
      },
      "previous_action": {
        "block_l2": {
          "max": 4.314732074737549,
          "mean": 1.4272595019192522,
          "median": 1.3493288159370422,
          "p90": 2.408151626586914
        },
        "shuffle_action_l2": {
          "max": 1.1631841659545898,
          "mean": 0.07262485736591273,
          "median": 0.05145809426903725,
          "p90": 0.15281939506530762
        },
        "zero_action_l2": {
          "max": 0.6597186923027039,
          "mean": 0.04997112196275566,
          "median": 0.03792325221002102,
          "p90": 0.09470896795392036
        }
      },
      "remaining": {
        "block_l2": {
          "max": 1.0,
          "mean": 1.0,
          "median": 1.0,
          "p90": 1.0
        },
        "shuffle_action_l2": {
          "max": 0.0,
          "mean": 0.0,
          "median": 0.0,
          "p90": 0.0
        },
        "zero_action_l2": {
          "max": 0.014660266228020191,
          "mean": 0.002419706438981706,
          "median": 0.0020151245407760143,
          "p90": 0.004507868783548474
        }
      }
    },
    "taskhard_bc03": {
      "goal": {
        "block_l2": {
          "max": 51.844520568847656,
          "mean": 20.38294477108866,
          "median": 19.487674713134766,
          "p90": 26.32096004486084
        },
        "shuffle_action_l2": {
          "max": 0.8077015280723572,
          "mean": 0.0450382312415627,
          "median": 0.02873777225613594,
          "p90": 0.08791940659284592
        },
        "zero_action_l2": {
          "max": 0.617067813873291,
          "mean": 0.03429141298030913,
          "median": 0.02019665017724037,
          "p90": 0.06586974114179611
        }
      },
      "observation": {
        "block_l2": {
          "max": 148.82351684570312,
          "mean": 79.36015983484685,
          "median": 76.76921463012695,
          "p90": 99.06088638305664
        },
        "shuffle_action_l2": {
          "max": 2.6305384635925293,
          "mean": 0.8362549820981258,
          "median": 0.8161353766918182,
          "p90": 1.429658591747284
        },
        "zero_action_l2": {
          "max": 1.4969991445541382,
          "mean": 0.45990972007984965,
          "median": 0.40612176060676575,
          "p90": 0.797372967004776
        }
      },
      "previous_action": {
        "block_l2": {
          "max": 4.314732074737549,
          "mean": 1.4272595019192522,
          "median": 1.3493288159370422,
          "p90": 2.408151626586914
        },
        "shuffle_action_l2": {
          "max": 0.8322715163230896,
          "mean": 0.072889494633678,
          "median": 0.052501263096928596,
          "p90": 0.15299099683761597
        },
        "zero_action_l2": {
          "max": 0.6606467962265015,
          "mean": 0.04999628643540177,
          "median": 0.03794046305119991,
          "p90": 0.09471755474805832
        }
      },
      "remaining": {
        "block_l2": {
          "max": 1.0,
          "mean": 1.0,
          "median": 1.0,
          "p90": 1.0
        },
        "shuffle_action_l2": {
          "max": 0.0,
          "mean": 0.0,
          "median": 0.0,
          "p90": 0.0
        },
        "zero_action_l2": {
          "max": 0.01467736903578043,
          "mean": 0.00241947017071098,
          "median": 0.0020159680861979723,
          "p90": 0.00450193858705461
        }
      }
    }
  },
  "policy_checkpoints": {
    "taskhard_bc03": "artifacts/rl_rerun/local_r3/n500/seed0/task_paired_terminal_taskhard045_n4096_1update_bc03_lr1e5_logstd5/latest.pt"
  },
  "samples": 4096,
  "seed": 0
}