{
  "checkpoint": "artifacts/incremental/pre_rl/phase_d/visual_bc/mixed_25/query/seed0/policy.pt",
  "clean_evaluation": {
    "episodes": 100,
    "final_reward": 0.6233215112239122,
    "max_reward": 0.7122634755074978,
    "mean_recovery_steps_when_recovered": null,
    "mean_reward_drop": null,
    "recovery_success": null,
    "recovery_success_by_family": {},
    "seed_start": 1820000,
    "success": 0.59,
    "success_wilson_95": [
      0.4920143005341078,
      0.6813268697886348
    ]
  },
  "clean_validation_metrics": {
    "correlation_per_dim": [
      0.9872035545213064,
      0.9926955256143052,
      0.9815983970195072
    ],
    "mae": 0.04173683375120163,
    "max_abs_error": 0.78809654712677,
    "prediction_out_of_bounds_fraction": 0.10592039246292786,
    "rmse": 0.06434262543916702,
    "target_near_bounds_fraction": 0.2606756606087635
  },
  "data": {
    "clean_source": "data/prepared/pusht_ppo_dino_spatial_proprio_tcp.h5",
    "clean_transitions": 60000,
    "label_view": "query",
    "recovery_source": "data/incremental/pre_rl_phase_d_recovery_dino_1000.h5",
    "recovery_transitions": 20000,
    "total_transitions": 80000,
    "variant": "mixed_25"
  },
  "disturbed_evaluation": {
    "episodes": 100,
    "final_reward": 0.5667741506174206,
    "max_reward": 0.680782801285386,
    "mean_recovery_steps_when_recovered": 12.4,
    "mean_reward_drop": 0.10555539548397064,
    "recovery_success": 0.5,
    "recovery_success_by_family": {
      "action_delay": 0.38095238095238093,
      "action_hold": 0.42857142857142855,
      "action_scaling": 0.5714285714285714,
      "directional_bias": 0.6086956521739131
    },
    "seed_start": 1820000,
    "success": 0.55,
    "success_wilson_95": [
      0.45244602997442135,
      0.6438546202048803
    ]
  },
  "label_view": "query",
  "metadata": {
    "config": "configs/pusht_incremental.yaml",
    "control_freq": 20,
    "controller": "pd_ee_delta_pos",
    "cuda_available": true,
    "device": "cuda",
    "environment": "PushT-v1",
    "git_commit": "7053f48a7cba1958ac36b2a1c831a7a393153e27",
    "git_dirty": true,
    "gymnasium_version": "1.3.0",
    "mani_skill_version": "3.0.1",
    "torch_version": "2.12.0+cu130"
  },
  "method": "direct_visual_bc",
  "phase": "D6-D7",
  "recovery_validation_metrics": {
    "correlation_per_dim": [
      0.9358075532549996,
      0.9577158700709179,
      0.906607135873318
    ],
    "mae": 0.062190551310777664,
    "max_abs_error": 1.4622461795806885,
    "prediction_out_of_bounds_fraction": 0.04205,
    "rmse": 0.10917666554450989,
    "target_near_bounds_fraction": 0.1149
  },
  "seed": 0,
  "variant": "mixed_25"
}