{
  "checkpoint": "artifacts/incremental/pre_rl/phase_d/visual_bc/recovery_heavy/query/seed0/policy.pt",
  "clean_evaluation": {
    "episodes": 100,
    "final_reward": 0.5618960820976645,
    "max_reward": 0.5832831596583128,
    "mean_recovery_steps_when_recovered": null,
    "mean_reward_drop": null,
    "recovery_success": null,
    "recovery_success_by_family": {},
    "seed_start": 1820000,
    "success": 0.4,
    "success_wilson_95": [
      0.3094012864324589,
      0.4979974132089382
    ]
  },
  "clean_validation_metrics": {
    "correlation_per_dim": [
      0.982178167841704,
      0.9908156740987799,
      0.9726393877784497
    ],
    "mae": 0.048861242830753326,
    "max_abs_error": 0.7329730987548828,
    "prediction_out_of_bounds_fraction": 0.12643550005574758,
    "rmse": 0.07507669925689697,
    "target_near_bounds_fraction": 0.2606756606087635
  },
  "data": {
    "clean_source": "data/prepared/pusht_ppo_dino_spatial_proprio_tcp.h5",
    "clean_transitions": 30000,
    "label_view": "query",
    "recovery_source": "data/incremental/pre_rl_phase_d_recovery_dino_1000.h5",
    "recovery_transitions": 50000,
    "total_transitions": 80000,
    "variant": "recovery_heavy"
  },
  "disturbed_evaluation": {
    "episodes": 100,
    "final_reward": 0.526667444659397,
    "max_reward": 0.5655087186396122,
    "mean_recovery_steps_when_recovered": 13.473684210526315,
    "mean_reward_drop": 0.03568195659667253,
    "recovery_success": 0.38,
    "recovery_success_by_family": {
      "action_delay": 0.2857142857142857,
      "action_hold": 0.25,
      "action_scaling": 0.5357142857142857,
      "directional_bias": 0.43478260869565216
    },
    "seed_start": 1820000,
    "success": 0.39,
    "success_wilson_95": [
      0.3001687400639441,
      0.4879698295415926
    ]
  },
  "label_view": "query",
  "metadata": {
    "config": "configs/pusht_incremental.yaml",
    "control_freq": 20,
    "controller": "pd_ee_delta_pos",
    "cuda_available": true,
    "device": "cuda",
    "environment": "PushT-v1",
    "git_commit": "7053f48a7cba1958ac36b2a1c831a7a393153e27",
    "git_dirty": true,
    "gymnasium_version": "1.3.0",
    "mani_skill_version": "3.0.1",
    "torch_version": "2.12.0+cu130"
  },
  "method": "direct_visual_bc",
  "phase": "D6-D7",
  "recovery_validation_metrics": {
    "correlation_per_dim": [
      0.93665790552449,
      0.959105005297762,
      0.9059488127941528
    ],
    "mae": 0.06395803391933441,
    "max_abs_error": 1.6784679889678955,
    "prediction_out_of_bounds_fraction": 0.0474,
    "rmse": 0.10842620581388474,
    "target_near_bounds_fraction": 0.1149
  },
  "seed": 0,
  "variant": "recovery_heavy"
}