{
  "checkpoint": "artifacts/incremental/pre_rl/phase_d/visual_bc/clean/query/seed0/policy.pt",
  "clean_evaluation": {
    "episodes": 100,
    "final_reward": 0.6376010732352734,
    "max_reward": 0.7564939968287945,
    "mean_recovery_steps_when_recovered": null,
    "mean_reward_drop": null,
    "recovery_success": null,
    "recovery_success_by_family": {},
    "seed_start": 1820000,
    "success": 0.66,
    "success_wilson_95": [
      0.5627772885472462,
      0.7453847920265184
    ]
  },
  "clean_validation_metrics": {
    "correlation_per_dim": [
      0.9868497448683766,
      0.9920631899000224,
      0.9803775430837075
    ],
    "mae": 0.04266281798481941,
    "max_abs_error": 0.7061196565628052,
    "prediction_out_of_bounds_fraction": 0.11963429590812799,
    "rmse": 0.06609420478343964,
    "target_near_bounds_fraction": 0.2606756606087635
  },
  "data": {
    "clean_source": "data/prepared/pusht_ppo_dino_spatial_proprio_tcp.h5",
    "clean_transitions": 80000,
    "label_view": "query",
    "recovery_source": "data/incremental/pre_rl_phase_d_recovery_dino_1000.h5",
    "recovery_transitions": 0,
    "total_transitions": 80000,
    "variant": "clean"
  },
  "disturbed_evaluation": {
    "episodes": 100,
    "final_reward": 0.5448998825252056,
    "max_reward": 0.713328710347414,
    "mean_recovery_steps_when_recovered": 13.49056603773585,
    "mean_reward_drop": 0.14702202629297972,
    "recovery_success": 0.53,
    "recovery_success_by_family": {
      "action_delay": 0.47619047619047616,
      "action_hold": 0.39285714285714285,
      "action_scaling": 0.6428571428571429,
      "directional_bias": 0.6086956521739131
    },
    "seed_start": 1820000,
    "success": 0.6,
    "success_wilson_95": [
      0.5020025867910618,
      0.6905987135675411
    ]
  },
  "label_view": "query",
  "metadata": {
    "config": "configs/pusht_incremental.yaml",
    "control_freq": 20,
    "controller": "pd_ee_delta_pos",
    "cuda_available": true,
    "device": "cuda",
    "environment": "PushT-v1",
    "git_commit": "7053f48a7cba1958ac36b2a1c831a7a393153e27",
    "git_dirty": true,
    "gymnasium_version": "1.3.0",
    "mani_skill_version": "3.0.1",
    "torch_version": "2.12.0+cu130"
  },
  "method": "direct_visual_bc",
  "phase": "D6-D7",
  "recovery_validation_metrics": {
    "correlation_per_dim": [
      0.8995289237841549,
      0.9232627485558641,
      0.8648735765096631
    ],
    "mae": 0.07968372851610184,
    "max_abs_error": 1.5794166326522827,
    "prediction_out_of_bounds_fraction": 0.04415,
    "rmse": 0.14220429956912994,
    "target_near_bounds_fraction": 0.1149
  },
  "seed": 0,
  "variant": "clean"
}