{
  "checkpoint": "results/incremental/rl_reachability_debug/run9_object_pose_teacher_penalty_b8_u250/privileged_object_pose_ppo_progress_terminal_n4096_seed0/latest.pt",
  "history_first": {
    "action_l2_mean": 0.5865146001235985,
    "action_saturation": 0.0202392578125,
    "clip_fraction": 0.0471110032570626,
    "elapsed_s": 7.83141343598254,
    "entropy": 1.249501610795657,
    "explained_variance": -6.328255653381348,
    "global_step": 40960,
    "goal_reach_rate_eps": 0.45751953125,
    "mean_distance": 0.026247499379384892,
    "mean_initial_distance": 0.018525052739640054,
    "mean_return_per_step": -0.02597883864055035,
    "mean_terminal_distance": 0.03594519428645379,
    "nan_count": 0,
    "policy_kl": 0.004540897348003152,
    "policy_loss": -0.002902062910531337,
    "reset_state_l2_recent_mean": 0.0,
    "teacher_action_mae": 0.412846093897565,
    "update": 1,
    "value_loss": 0.022873556901079912
  },
  "history_last": {
    "action_l2_mean": 0.8280471439610437,
    "action_saturation": 0.2690673828125,
    "clip_fraction": 0.1579589853839328,
    "elapsed_s": 2013.6976069079246,
    "entropy": -2.2144626577695212,
    "explained_variance": 0.8752586096525192,
    "global_step": 10240000,
    "goal_reach_rate_eps": 0.121337890625,
    "mean_distance": 0.6096490496392374,
    "mean_initial_distance": 1.0542191918024577,
    "mean_return_per_step": 0.05523305981578126,
    "mean_terminal_distance": 0.1828673304645123,
    "nan_count": 0,
    "policy_kl": 0.011439903357919926,
    "policy_loss": 3.0256260894627e-05,
    "reset_state_l2_recent_mean": 0.0,
    "teacher_action_mae": 0.27230786157472836,
    "update": 250,
    "value_loss": 0.038163861415038504
  },
  "initial_eval": {
    "action_l2_mean": 0.005691805457176536,
    "action_saturation": 0.0,
    "distance_reduction_mean": 0.0206591933965683,
    "fraction_improved_from_start": 0.625823974609375,
    "goal_reach_rate_eps": 0.240997314453125,
    "initial_distance_mean": 0.5896885991096497,
    "local_episodes": 32768,
    "p50_terminal_distance": 0.13569185137748718,
    "p90_terminal_distance": 1.9495702981948853,
    "p99_terminal_distance": 3.282142400741577,
    "reset_state_l2_mean": 0.0,
    "terminal_distance_mean": 0.5690294504165649
  },
  "recipe": {
    "action_dim": 3,
    "bc_low_checkpoint": null,
    "clip_coef": 0.2,
    "dataset": "/home/digarcia/Desktop/hierarchical_control_from_latent_poc/data/rl_rerun/pusht_vector_state_demos_n4096_b8.h5",
    "distance_progress_weight": 1.0,
    "dpsi_checkpoint": null,
    "dpsi_target_scale": 1000.0,
    "entropy_coef": 0.0,
    "gae_lambda": 0.95,
    "gamma": 0.99,
    "goal_dim": 4,
    "goal_type": "object_pose",
    "horizon": 10,
    "init_checkpoint": null,
    "init_global_step": 0,
    "init_history_updates": 0,
    "initial_logstd": -1.0,
    "learning_rate": 0.0003,
    "max_grad_norm": 1.0,
    "minibatch_size": 5120,
    "normalizer_fit_actions": 1966080,
    "normalizer_fit_goals": 1671168,
    "normalizer_fit_states": 1998848,
    "num_envs": 4096,
    "num_minibatches": 8,
    "reward": "progress_terminal",
    "reward_distance_source": "true_goal",
    "reward_mode": "progress_terminal",
    "run": "rl_reachability_debug_run2_privileged_tcp_scratch_ppo",
    "samples_per_update": 40960,
    "state_dim": 31,
    "success_epsilon": 0.0025,
    "teacher_action_penalty_weight": 0.05,
    "terminal_weight": 1.0,
    "total_env_steps": 10240000,
    "update_epochs": 3,
    "updates": 250,
    "value_coef": 1.0
  },
  "trained_eval": {
    "action_l2_mean": 0.5813369230761312,
    "action_saturation": 0.11971435546875,
    "distance_reduction_mean": 0.5168654322624207,
    "fraction_improved_from_start": 0.8133544921875,
    "goal_reach_rate_eps": 0.407379150390625,
    "initial_distance_mean": 0.5896885991096497,
    "local_episodes": 32768,
    "p50_terminal_distance": 0.005512402858585119,
    "p90_terminal_distance": 0.1536177396774292,
    "p99_terminal_distance": 1.2180190086364746,
    "reset_state_l2_mean": 0.0,
    "terminal_distance_mean": 0.0728231817483902
  },
  "trained_shuffled_goal_eval": {
    "action_l2_mean": 0.6095594199224529,
    "action_saturation": 0.182952880859375,
    "distance_reduction_mean": 0.2626243829727173,
    "fraction_improved_from_start": 0.687713623046875,
    "goal_reach_rate_eps": 0.3258056640625,
    "initial_distance_mean": 0.5896885991096497,
    "local_episodes": 32768,
    "p50_terminal_distance": 0.01597769558429718,
    "p90_terminal_distance": 1.0169349908828735,
    "p99_terminal_distance": 3.866860866546631,
    "reset_state_l2_mean": 0.0,
    "terminal_distance_mean": 0.3270642161369324
  }
}