{
  "checkpoint": "results/incremental/rl_reachability_debug/run10_object_pose_teacher_penalty02_b8_u250/privileged_object_pose_ppo_progress_terminal_n4096_seed0/latest.pt",
  "history_first": {
    "action_l2_mean": 0.5865146001235985,
    "action_saturation": 0.0202392578125,
    "clip_fraction": 0.06802571725953992,
    "elapsed_s": 7.780812970129773,
    "entropy": 1.2475651701291401,
    "explained_variance": -2.256664752960205,
    "global_step": 40960,
    "goal_reach_rate_eps": 0.45751953125,
    "mean_distance": 0.026247499379384892,
    "mean_initial_distance": 0.018525052739640054,
    "mean_return_per_step": -0.08790575378369567,
    "mean_terminal_distance": 0.03594519428645379,
    "nan_count": 0,
    "policy_kl": 0.005682831634961379,
    "policy_loss": -0.005278180072006459,
    "reset_state_l2_recent_mean": 0.0,
    "teacher_action_mae": 0.412846093897565,
    "update": 1,
    "value_loss": 0.04916154717405637
  },
  "history_last": {
    "action_l2_mean": 0.8419734117536336,
    "action_saturation": 0.2570068359375,
    "clip_fraction": 0.2081136105892559,
    "elapsed_s": 2024.9729056130163,
    "entropy": -2.5399890740712485,
    "explained_variance": 0.8545934408903122,
    "global_step": 10240000,
    "goal_reach_rate_eps": 0.13818359375,
    "mean_distance": 0.6049050113639137,
    "mean_initial_distance": 1.0542191918024577,
    "mean_return_per_step": 0.03037239346164995,
    "mean_terminal_distance": 0.14286139003631754,
    "nan_count": 0,
    "policy_kl": 0.01583352395876621,
    "policy_loss": 0.00013279654861738285,
    "reset_state_l2_recent_mean": 0.0,
    "teacher_action_mae": 0.2323862344557,
    "update": 250,
    "value_loss": 0.03931000487258037
  },
  "initial_eval": {
    "action_l2_mean": 0.005691805457176536,
    "action_saturation": 0.0,
    "distance_reduction_mean": 0.0206591933965683,
    "fraction_improved_from_start": 0.625823974609375,
    "goal_reach_rate_eps": 0.240997314453125,
    "initial_distance_mean": 0.5896885991096497,
    "local_episodes": 32768,
    "p50_terminal_distance": 0.13569185137748718,
    "p90_terminal_distance": 1.9495702981948853,
    "p99_terminal_distance": 3.282142400741577,
    "reset_state_l2_mean": 0.0,
    "terminal_distance_mean": 0.5690294504165649
  },
  "recipe": {
    "action_dim": 3,
    "bc_low_checkpoint": null,
    "clip_coef": 0.2,
    "dataset": "/home/digarcia/Desktop/hierarchical_control_from_latent_poc/data/rl_rerun/pusht_vector_state_demos_n4096_b8.h5",
    "distance_progress_weight": 1.0,
    "dpsi_checkpoint": null,
    "dpsi_target_scale": 1000.0,
    "entropy_coef": 0.0,
    "gae_lambda": 0.95,
    "gamma": 0.99,
    "goal_dim": 4,
    "goal_type": "object_pose",
    "horizon": 10,
    "init_checkpoint": null,
    "init_global_step": 0,
    "init_history_updates": 0,
    "initial_logstd": -1.0,
    "learning_rate": 0.0003,
    "max_grad_norm": 1.0,
    "minibatch_size": 5120,
    "normalizer_fit_actions": 1966080,
    "normalizer_fit_goals": 1671168,
    "normalizer_fit_states": 1998848,
    "num_envs": 4096,
    "num_minibatches": 8,
    "reward": "progress_terminal",
    "reward_distance_source": "true_goal",
    "reward_mode": "progress_terminal",
    "run": "rl_reachability_debug_run2_privileged_tcp_scratch_ppo",
    "samples_per_update": 40960,
    "state_dim": 31,
    "success_epsilon": 0.0025,
    "teacher_action_penalty_weight": 0.2,
    "terminal_weight": 1.0,
    "total_env_steps": 10240000,
    "update_epochs": 3,
    "updates": 250,
    "value_coef": 1.0
  },
  "trained_eval": {
    "action_l2_mean": 0.615052761788521,
    "action_saturation": 0.120709228515625,
    "distance_reduction_mean": 0.5370246767997742,
    "fraction_improved_from_start": 0.830810546875,
    "goal_reach_rate_eps": 0.43341064453125,
    "initial_distance_mean": 0.5896885991096497,
    "local_episodes": 32768,
    "p50_terminal_distance": 0.004141049925237894,
    "p90_terminal_distance": 0.10620434582233429,
    "p99_terminal_distance": 0.9303742051124573,
    "reset_state_l2_mean": 0.0,
    "terminal_distance_mean": 0.05266392230987549
  },
  "trained_shuffled_goal_eval": {
    "action_l2_mean": 0.6261045493489608,
    "action_saturation": 0.144110107421875,
    "distance_reduction_mean": 0.30838125944137573,
    "fraction_improved_from_start": 0.71661376953125,
    "goal_reach_rate_eps": 0.34808349609375,
    "initial_distance_mean": 0.5896885991096497,
    "local_episodes": 32768,
    "p50_terminal_distance": 0.013333790004253387,
    "p90_terminal_distance": 0.8199841976165771,
    "p99_terminal_distance": 3.7097413539886475,
    "reset_state_l2_mean": 0.0,
    "terminal_distance_mean": 0.2813073396682739
  }
}