{
  "checkpoint": "results/incremental/rl_reachability_debug/run21_full_goal_recomputed_penalty10_continue_u1000/privileged_full_ppo_progress_terminal_n4096_seed0/latest.pt",
  "history_first": {
    "action_l2_mean": 0.3539347444253281,
    "action_saturation": 0.00166015625,
    "clip_fraction": 0.15517578448634595,
    "elapsed_s": 7.763822350883856,
    "entropy": -2.8922888537247977,
    "explained_variance": 0.9684979505836964,
    "global_step": 10280960,
    "goal_reach_rate_eps": 0.0,
    "mean_distance": 4.653246452158156,
    "mean_initial_distance": 7.172654522851516,
    "mean_return_per_step": 0.43462997670151254,
    "mean_terminal_distance": 0.6433184353969637,
    "nan_count": 0,
    "policy_kl": 0.011326900246785954,
    "policy_loss": -0.002330548876974111,
    "reset_state_l2_recent_mean": 0.0,
    "teacher_action_mae": 0.15397178918672977,
    "update": 1,
    "value_loss": 0.4208061695098877
  },
  "history_last": {
    "action_l2_mean": 0.2634568893254425,
    "action_saturation": 0.0004638671875,
    "clip_fraction": 0.39566244060794514,
    "elapsed_s": 8386.842595920898,
    "entropy": -6.745500147342682,
    "explained_variance": 0.9826277662068605,
    "global_step": 51200000,
    "goal_reach_rate_eps": 0.00537109375,
    "mean_distance": 2.6970245485196336,
    "mean_initial_distance": 4.811374684818581,
    "mean_return_per_step": 0.3362867167098898,
    "mean_terminal_distance": 0.20548775769643157,
    "nan_count": 0,
    "policy_kl": 0.04629982619856795,
    "policy_loss": 0.018702738831052557,
    "reset_state_l2_recent_mean": 0.0,
    "teacher_action_mae": 0.1037532002228744,
    "update": 1000,
    "value_loss": 0.1279045840104421
  },
  "initial_eval": {
    "action_l2_mean": 0.5276632661238171,
    "action_saturation": 0.0157257080078125,
    "distance_reduction_mean": 12.9378662109375,
    "fraction_improved_from_start": 0.968780517578125,
    "goal_reach_rate_eps": 0.0009765625,
    "initial_distance_mean": 14.408127784729004,
    "local_episodes": 32768,
    "p50_terminal_distance": 0.6708303689956665,
    "p90_terminal_distance": 2.967653751373291,
    "p99_terminal_distance": 16.519542694091797,
    "reset_state_l2_mean": 0.0,
    "terminal_distance_mean": 1.470260500907898
  },
  "recipe": {
    "action_dim": 3,
    "bc_low_checkpoint": null,
    "clip_coef": 0.2,
    "dataset": "/home/digarcia/Desktop/hierarchical_control_from_latent_poc/data/rl_rerun/pusht_vector_state_demos_n4096_b8.h5",
    "distance_progress_weight": 1.0,
    "dpsi_checkpoint": null,
    "dpsi_target_scale": 1000.0,
    "entropy_coef": 0.0,
    "gae_lambda": 0.95,
    "gamma": 0.99,
    "goal_dim": 28,
    "goal_type": "full",
    "horizon": 10,
    "init_checkpoint": "results/incremental/rl_reachability_debug/run20_full_goal_recomputed_teacher_penalty10_b8_u250/privileged_full_ppo_progress_terminal_n4096_seed0/latest.pt",
    "init_global_step": 10240000,
    "init_history_updates": 250,
    "initial_logstd": -1.0,
    "learning_rate": 0.0003,
    "max_grad_norm": 1.0,
    "minibatch_size": 5120,
    "normalizer_fit_actions": 1966080,
    "normalizer_fit_goals": 16711680,
    "normalizer_fit_states": 1998848,
    "num_envs": 4096,
    "num_minibatches": 8,
    "recompute_held_goal_features": true,
    "reward": "progress_terminal",
    "reward_distance_source": "true_goal",
    "reward_mode": "progress_terminal",
    "run": "rl_reachability_debug_run2_privileged_tcp_scratch_ppo",
    "samples_per_update": 40960,
    "state_dim": 31,
    "success_epsilon": 0.0025,
    "teacher_action_penalty_weight": 1.0,
    "terminal_weight": 1.0,
    "total_env_steps": 40960000,
    "update_epochs": 3,
    "updates": 1000,
    "value_coef": 1.0
  },
  "trained_eval": {
    "action_l2_mean": 0.5367184873685762,
    "action_saturation": 0.0096160888671875,
    "distance_reduction_mean": 12.533706665039062,
    "fraction_improved_from_start": 0.97637939453125,
    "goal_reach_rate_eps": 0.00848388671875,
    "initial_distance_mean": 14.408127784729004,
    "local_episodes": 32768,
    "p50_terminal_distance": 0.5893455743789673,
    "p90_terminal_distance": 2.942272663116455,
    "p99_terminal_distance": 30.008089065551758,
    "reset_state_l2_mean": 0.0,
    "terminal_distance_mean": 1.8744193315505981
  },
  "trained_shuffled_goal_eval": {
    "action_l2_mean": 0.5397328993141848,
    "action_saturation": 0.00584716796875,
    "distance_reduction_mean": 9.613348007202148,
    "fraction_improved_from_start": 0.807220458984375,
    "goal_reach_rate_eps": 0.0,
    "initial_distance_mean": 14.408127784729004,
    "local_episodes": 32768,
    "p50_terminal_distance": 3.3125078678131104,
    "p90_terminal_distance": 8.305849075317383,
    "p99_terminal_distance": 40.874061584472656,
    "reset_state_l2_mean": 0.0,
    "terminal_distance_mean": 4.794778347015381
  }
}