{
  "checkpoint": "results/incremental/rl_reachability_debug/run25_full_bc_warm_start_learned_high_mixture_penalty10_u250/privileged_full_ppo_progress_terminal_n4096_seed0/latest.pt",
  "history_first": {
    "action_l2_mean": 0.32203473131888816,
    "action_saturation": 0.00302734375,
    "clip_fraction": 0.1530517606685559,
    "elapsed_s": 6.796869792044163,
    "entropy": -2.644895831743876,
    "explained_variance": 0.0011098384857177734,
    "global_step": 40960,
    "goal_reach_rate_eps": 0.0,
    "mean_distance": 1.95126780996589,
    "mean_initial_distance": 2.2197783516108416,
    "mean_return_per_step": -0.32188124580168276,
    "mean_terminal_distance": 2.1156247200643747,
    "nan_count": 0,
    "policy_kl": 0.01231321356802558,
    "policy_loss": -0.004480908806726802,
    "reset_state_l2_recent_mean": 0.0,
    "teacher_action_mae": 0.12073413627773277,
    "update": 1,
    "value_loss": 40.40607571601868
  },
  "history_last": {
    "action_l2_mean": 0.3666258703376684,
    "action_saturation": 0.00234375,
    "clip_fraction": 0.12705078294190267,
    "elapsed_s": 2040.725475081941,
    "entropy": -3.7541565696398416,
    "explained_variance": 0.9608806781470776,
    "global_step": 10240000,
    "goal_reach_rate_eps": 0.0,
    "mean_distance": 4.2839322107486435,
    "mean_initial_distance": 6.312668050304367,
    "mean_return_per_step": 0.41810222263349034,
    "mean_terminal_distance": 0.520644394359806,
    "nan_count": 0,
    "policy_kl": 0.009458889204931134,
    "policy_loss": -0.0014290516866234764,
    "reset_state_l2_recent_mean": 0.0,
    "teacher_action_mae": 0.1090357036471957,
    "update": 250,
    "value_loss": 0.5893440234164397
  },
  "initial_eval": {
    "action_l2_mean": 0.796477868476417,
    "action_saturation": 0.13836669921875,
    "distance_reduction_mean": 6.575072765350342,
    "fraction_improved_from_start": 0.767822265625,
    "goal_reach_rate_eps": 0.000244140625,
    "initial_distance_mean": 11.900300979614258,
    "local_episodes": 32768,
    "p50_terminal_distance": 1.5707592964172363,
    "p90_terminal_distance": 12.163225173950195,
    "p99_terminal_distance": 59.8115234375,
    "reset_state_l2_mean": 0.0,
    "terminal_distance_mean": 5.325228691101074
  },
  "recipe": {
    "action_dim": 3,
    "bc_low_checkpoint": null,
    "bc_warm_start": {
      "batch_size": 8192,
      "checkpoint": "artifacts/incremental/pre_rl/phase_c/k10/seed0/time_conditioned_full.pt",
      "final_mse": 0.00224221870303154,
      "initial_mse": 0.23708608746528625,
      "learning_rate": 0.001,
      "steps": 1000
    },
    "clip_coef": 0.2,
    "dataset": "/home/digarcia/Desktop/hierarchical_control_from_latent_poc/data/rl_reachability_debug/full_reset_mixture_demo8_bc4_run22_4.h5",
    "distance_progress_weight": 1.0,
    "dpsi_checkpoint": null,
    "dpsi_target_scale": 1000.0,
    "entropy_coef": 0.0,
    "gae_lambda": 0.95,
    "gamma": 0.99,
    "goal_dim": 28,
    "goal_type": "full",
    "horizon": 10,
    "init_checkpoint": null,
    "init_global_step": 0,
    "init_history_updates": 0,
    "initial_logstd": -2.3,
    "learning_rate": 0.0001,
    "max_grad_norm": 1.0,
    "minibatch_size": 5120,
    "normalizer_fit_actions": 3932160,
    "normalizer_fit_goals": 18677760,
    "normalizer_fit_states": 3997696,
    "normalizer_source": "dataset",
    "num_envs": 4096,
    "num_minibatches": 8,
    "recompute_held_goal_features": true,
    "reward": "progress_terminal",
    "reward_distance_source": "true_goal",
    "reward_mode": "progress_terminal",
    "run": "rl_reachability_debug_run2_privileged_tcp_scratch_ppo",
    "samples_per_update": 40960,
    "state_dim": 31,
    "success_epsilon": 0.0025,
    "teacher_action_penalty_weight": 1.0,
    "terminal_weight": 1.0,
    "total_env_steps": 10240000,
    "update_epochs": 3,
    "updates": 250,
    "value_coef": 1.0
  },
  "trained_eval": {
    "action_l2_mean": 0.6842946073791651,
    "action_saturation": 0.04449462890625,
    "distance_reduction_mean": 8.268192291259766,
    "fraction_improved_from_start": 0.865264892578125,
    "goal_reach_rate_eps": 9.1552734375e-05,
    "initial_distance_mean": 11.900300979614258,
    "local_episodes": 32768,
    "p50_terminal_distance": 1.702738881111145,
    "p90_terminal_distance": 6.9931864738464355,
    "p99_terminal_distance": 35.476104736328125,
    "reset_state_l2_mean": 0.0,
    "terminal_distance_mean": 3.6321096420288086
  },
  "trained_shuffled_goal_eval": {
    "action_l2_mean": 0.6339682208382775,
    "action_saturation": 0.03587646484375,
    "distance_reduction_mean": 3.0714964866638184,
    "fraction_improved_from_start": 0.583709716796875,
    "goal_reach_rate_eps": 0.0,
    "initial_distance_mean": 11.900300979614258,
    "local_episodes": 32768,
    "p50_terminal_distance": 6.7153849601745605,
    "p90_terminal_distance": 15.630758285522461,
    "p99_terminal_distance": 47.83066177368164,
    "reset_state_l2_mean": 0.0,
    "terminal_distance_mean": 8.828804016113281
  }
}