{
  "checkpoint": "results/incremental/rl_reachability_debug/run7_dpsi_progress_b8_u1000/privileged_tcp_ppo_progress_n4096_seed0/latest.pt",
  "history_first": {
    "action_l2_mean": 0.5865030063406038,
    "action_saturation": 0.0201416015625,
    "clip_fraction": 0.04127604236418847,
    "elapsed_s": 7.919804875971749,
    "entropy": 1.255380983153979,
    "explained_variance": -23.720022201538086,
    "global_step": 40960,
    "goal_reach_rate_eps": 0.156982421875,
    "mean_distance": 0.01791911673603198,
    "mean_initial_distance": 0.015539023858717776,
    "mean_return_per_step": -0.000620739957527644,
    "mean_terminal_distance": 0.01977574177552377,
    "nan_count": 0,
    "policy_kl": 0.004114428995914447,
    "policy_loss": -0.0025565071894864864,
    "reset_state_l2_recent_mean": 0.0,
    "update": 1,
    "value_loss": 0.022380034807914246
  },
  "history_last": {
    "action_l2_mean": 0.43955859306607864,
    "action_saturation": 0.0474853515625,
    "clip_fraction": 0.16631673307468495,
    "elapsed_s": 8402.239680374973,
    "entropy": -4.119661390781403,
    "explained_variance": 0.8944909647107124,
    "global_step": 40960000,
    "goal_reach_rate_eps": 0.990234375,
    "mean_distance": 0.002345607593766845,
    "mean_initial_distance": 0.008714504051312882,
    "mean_return_per_step": 0.0008384319805615113,
    "mean_terminal_distance": 0.00020118624705372026,
    "nan_count": 0,
    "policy_kl": 0.01312897342722863,
    "policy_loss": 0.004496631425960611,
    "reset_state_l2_recent_mean": 0.0,
    "update": 1000,
    "value_loss": 1.538830256701355e-06
  },
  "initial_eval": {
    "action_l2_mean": 0.0073858186965706455,
    "action_saturation": 0.0,
    "distance_reduction_mean": 0.005849362351000309,
    "fraction_improved_from_start": 0.978759765625,
    "goal_reach_rate_eps": 0.005615234375,
    "initial_distance_mean": 0.07791003584861755,
    "local_episodes": 8192,
    "p50_terminal_distance": 0.06663067638874054,
    "p90_terminal_distance": 0.13227052986621857,
    "p99_terminal_distance": 0.1971236616373062,
    "reset_state_l2_mean": 0.0,
    "terminal_distance_mean": 0.07206066697835922
  },
  "recipe": {
    "action_dim": 3,
    "bc_low_checkpoint": null,
    "clip_coef": 0.2,
    "dataset": "/home/digarcia/Desktop/hierarchical_control_from_latent_poc/data/rl_rerun/pusht_vector_state_demos_n4096_b8.h5",
    "distance_progress_weight": 1.0,
    "dpsi_checkpoint": "artifacts/incremental/rl_reachability_debug/run4_tcp_dpsi_ensemble/tcp_dpsi_ensemble.pt",
    "dpsi_target_scale": 1000.0,
    "entropy_coef": 0.0,
    "gae_lambda": 0.95,
    "gamma": 0.99,
    "goal_dim": 6,
    "horizon": 10,
    "init_checkpoint": null,
    "init_global_step": 0,
    "init_history_updates": 0,
    "initial_logstd": -1.0,
    "learning_rate": 0.0003,
    "max_grad_norm": 1.0,
    "minibatch_size": 5120,
    "normalizer_fit_actions": 1966080,
    "normalizer_fit_goals": 1671168,
    "normalizer_fit_states": 1998848,
    "num_envs": 4096,
    "num_minibatches": 8,
    "reward": "progress",
    "reward_distance_source": "dpsi",
    "reward_mode": "progress",
    "run": "rl_reachability_debug_run2_privileged_tcp_scratch_ppo",
    "samples_per_update": 40960,
    "state_dim": 31,
    "success_epsilon": 0.0025,
    "terminal_weight": 1.0,
    "total_env_steps": 40960000,
    "update_epochs": 3,
    "updates": 1000,
    "value_coef": 1.0
  },
  "trained_eval": {
    "action_l2_mean": 0.7723012386020514,
    "action_saturation": 0.27352294921875,
    "distance_reduction_mean": 0.07757065445184708,
    "fraction_improved_from_start": 0.9998779296875,
    "goal_reach_rate_eps": 0.9871826171875,
    "initial_distance_mean": 0.07791003584861755,
    "local_episodes": 8192,
    "p50_terminal_distance": 0.0001558196236146614,
    "p90_terminal_distance": 0.0008060476393438876,
    "p99_terminal_distance": 0.0028454954735934734,
    "reset_state_l2_mean": 0.0,
    "terminal_distance_mean": 0.00033938229898922145
  },
  "trained_shuffled_goal_eval": {
    "action_l2_mean": 0.7724328610334965,
    "action_saturation": 0.27132568359375,
    "distance_reduction_mean": 0.0402509868144989,
    "fraction_improved_from_start": 0.812744140625,
    "goal_reach_rate_eps": 0.0919189453125,
    "initial_distance_mean": 0.07791003584861755,
    "local_episodes": 8192,
    "p50_terminal_distance": 0.024094345048069954,
    "p90_terminal_distance": 0.09315556287765503,
    "p99_terminal_distance": 0.1637570708990097,
    "reset_state_l2_mean": 0.0,
    "terminal_distance_mean": 0.03765904903411865
  }
}