{
  "decisions_per_collector": 512,
  "goal_source": "learned",
  "goal_type": "object_pose",
  "high_checkpoint": "artifacts/incremental/rl_reachability_debug/object_pose_high_predictor/seed0/predictor.pt",
  "rows": [
    {
      "action_l2_mean": 0.48553872400105746,
      "action_saturation": 0.04603481699119915,
      "candidate_policy": "phase_b_object_pose_bc",
      "collector_policy": "phase_b_object_pose_bc",
      "decisions": 517,
      "distance_reduction_mean": 0.20274928212165833,
      "fraction_improved_from_start": 0.5841392649903289,
      "goal_reach_rate_eps": 0.40425531914893614,
      "goal_source": "learned",
      "goal_type": "object_pose",
      "initial_distance_mean": 0.4784035384654999,
      "max_reward": 0.2264954167809085,
      "p50_terminal_distance": 0.020767610520124435,
      "p90_terminal_distance": 0.836246907711029,
      "p99_terminal_distance": 3.1363954544067383,
      "shuffled_goal": false,
      "terminal_distance_mean": 0.27565428614616394,
      "terminal_reward": 0.22088327276839279
    },
    {
      "action_l2_mean": 0.5742705953172345,
      "action_saturation": 0.08858800907141927,
      "candidate_policy": "phase_b_object_pose_bc",
      "collector_policy": "phase_b_object_pose_bc",
      "decisions": 517,
      "distance_reduction_mean": 0.199974924325943,
      "fraction_improved_from_start": 0.5686653771760155,
      "goal_reach_rate_eps": 0.07156673114119923,
      "goal_source": "learned",
      "goal_type": "object_pose",
      "initial_distance_mean": 1.260994553565979,
      "max_reward": 0.22637892268756601,
      "p50_terminal_distance": 0.43448692560195923,
      "p90_terminal_distance": 3.198195457458496,
      "p99_terminal_distance": 5.5209574699401855,
      "shuffled_goal": true,
      "terminal_distance_mean": 1.061019778251648,
      "terminal_reward": 0.21622559181783832
    },
    {
      "action_l2_mean": 0.5138096466617266,
      "action_saturation": 0.10058027191710887,
      "candidate_policy": "run13_object_pose_teacher_penalty05_ppo",
      "collector_policy": "phase_b_object_pose_bc",
      "decisions": 517,
      "distance_reduction_mean": 0.24264200031757355,
      "fraction_improved_from_start": 0.5938104448742747,
      "goal_reach_rate_eps": 0.42940038684719534,
      "goal_source": "learned",
      "goal_type": "object_pose",
      "initial_distance_mean": 0.4784035384654999,
      "max_reward": 0.23648765861872778,
      "p50_terminal_distance": 0.018476031720638275,
      "p90_terminal_distance": 0.7264854311943054,
      "p99_terminal_distance": 2.9889698028564453,
      "shuffled_goal": false,
      "terminal_distance_mean": 0.23576153814792633,
      "terminal_reward": 0.22824114740860416
    },
    {
      "action_l2_mean": 0.5329501584705463,
      "action_saturation": 0.10483559042330637,
      "candidate_policy": "run13_object_pose_teacher_penalty05_ppo",
      "collector_policy": "phase_b_object_pose_bc",
      "decisions": 517,
      "distance_reduction_mean": 0.18613533675670624,
      "fraction_improved_from_start": 0.5899419729206963,
      "goal_reach_rate_eps": 0.07156673114119923,
      "goal_source": "learned",
      "goal_type": "object_pose",
      "initial_distance_mean": 1.260994553565979,
      "max_reward": 0.23037193542998463,
      "p50_terminal_distance": 0.4279216527938843,
      "p90_terminal_distance": 3.2240443229675293,
      "p99_terminal_distance": 5.1584978103637695,
      "shuffled_goal": true,
      "terminal_distance_mean": 1.074859380722046,
      "terminal_reward": 0.2169549988485455
    },
    {
      "action_l2_mean": 0.4852045063616581,
      "action_saturation": 0.036310680253991805,
      "candidate_policy": "phase_b_object_pose_bc",
      "collector_policy": "run13_object_pose_teacher_penalty05_ppo",
      "decisions": 515,
      "distance_reduction_mean": 0.08169762790203094,
      "fraction_improved_from_start": 0.570873786407767,
      "goal_reach_rate_eps": 0.312621359223301,
      "goal_source": "learned",
      "goal_type": "object_pose",
      "initial_distance_mean": 0.3858993351459503,
      "max_reward": 0.21040385848688847,
      "p50_terminal_distance": 0.060371436178684235,
      "p90_terminal_distance": 1.0069580078125,
      "p99_terminal_distance": 2.1372697353363037,
      "shuffled_goal": false,
      "terminal_distance_mean": 0.30420175194740295,
      "terminal_reward": 0.1999171362231368
    },
    {
      "action_l2_mean": 0.5503706518596816,
      "action_saturation": 0.05864077783325344,
      "candidate_policy": "phase_b_object_pose_bc",
      "collector_policy": "run13_object_pose_teacher_penalty05_ppo",
      "decisions": 515,
      "distance_reduction_mean": 0.11907447874546051,
      "fraction_improved_from_start": 0.5359223300970873,
      "goal_reach_rate_eps": 0.0970873786407767,
      "goal_source": "learned",
      "goal_type": "object_pose",
      "initial_distance_mean": 1.2043043375015259,
      "max_reward": 0.209148285413179,
      "p50_terminal_distance": 0.5392405390739441,
      "p90_terminal_distance": 3.1207242012023926,
      "p99_terminal_distance": 4.130561351776123,
      "shuffled_goal": true,
      "terminal_distance_mean": 1.0852299928665161,
      "terminal_reward": 0.19686088666536855
    },
    {
      "action_l2_mean": 0.4179772536243195,
      "action_saturation": 0.070291263009738,
      "candidate_policy": "run13_object_pose_teacher_penalty05_ppo",
      "collector_policy": "run13_object_pose_teacher_penalty05_ppo",
      "decisions": 515,
      "distance_reduction_mean": 0.15120458602905273,
      "fraction_improved_from_start": 0.5572815533980583,
      "goal_reach_rate_eps": 0.30097087378640774,
      "goal_source": "learned",
      "goal_type": "object_pose",
      "initial_distance_mean": 0.3858993351459503,
      "max_reward": 0.21235948193782164,
      "p50_terminal_distance": 0.041758328676223755,
      "p90_terminal_distance": 0.7250543832778931,
      "p99_terminal_distance": 2.0148262977600098,
      "shuffled_goal": false,
      "terminal_distance_mean": 0.23469477891921997,
      "terminal_reward": 0.20782681703567504
    },
    {
      "action_l2_mean": 0.48956757948815244,
      "action_saturation": 0.07708737899377507,
      "candidate_policy": "run13_object_pose_teacher_penalty05_ppo",
      "collector_policy": "run13_object_pose_teacher_penalty05_ppo",
      "decisions": 515,
      "distance_reduction_mean": 0.11771885305643082,
      "fraction_improved_from_start": 0.5514563106796116,
      "goal_reach_rate_eps": 0.08349514563106795,
      "goal_source": "learned",
      "goal_type": "object_pose",
      "initial_distance_mean": 1.2043043375015259,
      "max_reward": 0.21554778016995169,
      "p50_terminal_distance": 0.5752055644989014,
      "p90_terminal_distance": 3.1472582817077637,
      "p99_terminal_distance": 4.683844566345215,
      "shuffled_goal": true,
      "terminal_distance_mean": 1.086585521697998,
      "terminal_reward": 0.20547943976752966
    }
  ],
  "run": "rl_reachability_debug_object_pose_deployment_reachability"
}