{
  "decisions_per_collector": 512,
  "goal_source": "oracle",
  "goal_type": "full",
  "held_goal_semantics": "fixed_target_recomputed_features",
  "rows": [
    {
      "action_l2_mean": 0.5225230744235638,
      "action_saturation": 0.07037037170944158,
      "candidate_policy": "phase_c_full_bc",
      "collector_policy": "phase_c_full_bc",
      "decisions": 513,
      "distance_reduction_mean": 7.9299540519714355,
      "fraction_improved_from_start": 0.8674463937621832,
      "goal_reach_rate_eps": 0.021442495126705652,
      "goal_source": "oracle",
      "goal_type": "full",
      "initial_distance_mean": 8.765032768249512,
      "max_reward": 0.35278331763592147,
      "p50_terminal_distance": 0.1555432826280594,
      "p90_terminal_distance": 1.642049789428711,
      "p99_terminal_distance": 10.699397087097168,
      "shuffled_goal": false,
      "terminal_distance_mean": 0.8350792527198792,
      "terminal_reward": 0.3346144682192198
    },
    {
      "action_l2_mean": 0.6128301243016362,
      "action_saturation": 0.0723196893320446,
      "candidate_policy": "phase_c_full_bc",
      "collector_policy": "phase_c_full_bc",
      "decisions": 513,
      "distance_reduction_mean": 0.17911198735237122,
      "fraction_improved_from_start": 0.5087719298245614,
      "goal_reach_rate_eps": 0.0,
      "goal_source": "oracle",
      "goal_type": "full",
      "initial_distance_mean": 8.59997844696045,
      "max_reward": 0.30737504644453756,
      "p50_terminal_distance": 5.464404106140137,
      "p90_terminal_distance": 18.909841537475586,
      "p99_terminal_distance": 48.79735565185547,
      "shuffled_goal": true,
      "terminal_distance_mean": 8.420866966247559,
      "terminal_reward": 0.26808357346243794
    },
    {
      "action_l2_mean": 0.37639856842105035,
      "action_saturation": 0.005068226210903703,
      "candidate_policy": "run20_full_ppo",
      "collector_policy": "phase_c_full_bc",
      "decisions": 513,
      "distance_reduction_mean": 7.887305736541748,
      "fraction_improved_from_start": 0.9298245614035088,
      "goal_reach_rate_eps": 0.0,
      "goal_source": "oracle",
      "goal_type": "full",
      "initial_distance_mean": 8.765032768249512,
      "max_reward": 0.314232985454577,
      "p50_terminal_distance": 0.23024317622184753,
      "p90_terminal_distance": 2.352705240249634,
      "p99_terminal_distance": 6.00419807434082,
      "shuffled_goal": false,
      "terminal_distance_mean": 0.8777270317077637,
      "terminal_reward": 0.293701113984134
    },
    {
      "action_l2_mean": 0.42661719092442046,
      "action_saturation": 0.0015594542142708166,
      "candidate_policy": "run20_full_ppo",
      "collector_policy": "phase_c_full_bc",
      "decisions": 513,
      "distance_reduction_mean": 5.576083183288574,
      "fraction_improved_from_start": 0.9122807017543859,
      "goal_reach_rate_eps": 0.0,
      "goal_source": "oracle",
      "goal_type": "full",
      "initial_distance_mean": 8.59997844696045,
      "max_reward": 0.30793567087871637,
      "p50_terminal_distance": 1.9148123264312744,
      "p90_terminal_distance": 7.249786853790283,
      "p99_terminal_distance": 14.637094497680664,
      "shuffled_goal": true,
      "terminal_distance_mean": 3.0238959789276123,
      "terminal_reward": 0.2646568784813377
    },
    {
      "action_l2_mean": 0.39512489982980503,
      "action_saturation": 0.0037037037588931896,
      "candidate_policy": "run21_long_full_ppo",
      "collector_policy": "phase_c_full_bc",
      "decisions": 513,
      "distance_reduction_mean": 7.946296215057373,
      "fraction_improved_from_start": 0.9473684210526315,
      "goal_reach_rate_eps": 0.01364522417153996,
      "goal_source": "oracle",
      "goal_type": "full",
      "initial_distance_mean": 8.765032768249512,
      "max_reward": 0.3158188308162531,
      "p50_terminal_distance": 0.1688237488269806,
      "p90_terminal_distance": 2.123993396759033,
      "p99_terminal_distance": 5.782079696655273,
      "shuffled_goal": false,
      "terminal_distance_mean": 0.81873619556427,
      "terminal_reward": 0.3045466648483718
    },
    {
      "action_l2_mean": 0.4179125394105737,
      "action_saturation": 0.0007797271071354083,
      "candidate_policy": "run21_long_full_ppo",
      "collector_policy": "phase_c_full_bc",
      "decisions": 513,
      "distance_reduction_mean": 5.438078880310059,
      "fraction_improved_from_start": 0.9434697855750487,
      "goal_reach_rate_eps": 0.0,
      "goal_source": "oracle",
      "goal_type": "full",
      "initial_distance_mean": 8.59997844696045,
      "max_reward": 0.3031570747581839,
      "p50_terminal_distance": 1.6356046199798584,
      "p90_terminal_distance": 6.907980918884277,
      "p99_terminal_distance": 24.615938186645508,
      "shuffled_goal": true,
      "terminal_distance_mean": 3.161900281906128,
      "terminal_reward": 0.25841667307413696
    },
    {
      "action_l2_mean": 0.7333975655346876,
      "action_saturation": 0.12617187712749,
      "candidate_policy": "phase_c_full_bc",
      "collector_policy": "run21_long_full_ppo",
      "decisions": 512,
      "distance_reduction_mean": 0.1346592903137207,
      "fraction_improved_from_start": 0.677734375,
      "goal_reach_rate_eps": 0.001953125,
      "goal_source": "oracle",
      "goal_type": "full",
      "initial_distance_mean": 10.471600532531738,
      "max_reward": 0.18510847958896193,
      "p50_terminal_distance": 2.065201759338379,
      "p90_terminal_distance": 19.62683868408203,
      "p99_terminal_distance": 110.23643493652344,
      "shuffled_goal": false,
      "terminal_distance_mean": 10.33694076538086,
      "terminal_reward": 0.1732637278855691
    },
    {
      "action_l2_mean": 0.7996039821591694,
      "action_saturation": 0.15214844027650543,
      "candidate_policy": "phase_c_full_bc",
      "collector_policy": "run21_long_full_ppo",
      "decisions": 512,
      "distance_reduction_mean": -8.068241119384766,
      "fraction_improved_from_start": 0.380859375,
      "goal_reach_rate_eps": 0.0,
      "goal_source": "oracle",
      "goal_type": "full",
      "initial_distance_mean": 12.540973663330078,
      "max_reward": 0.16653067275183275,
      "p50_terminal_distance": 12.745880126953125,
      "p90_terminal_distance": 39.28818130493164,
      "p99_terminal_distance": 151.278564453125,
      "shuffled_goal": true,
      "terminal_distance_mean": 20.609214782714844,
      "terminal_reward": 0.1512399679286318
    },
    {
      "action_l2_mean": 0.420065038917528,
      "action_saturation": 0.0029296875436557457,
      "candidate_policy": "run20_full_ppo",
      "collector_policy": "run21_long_full_ppo",
      "decisions": 512,
      "distance_reduction_mean": 7.2166619300842285,
      "fraction_improved_from_start": 0.880859375,
      "goal_reach_rate_eps": 0.0,
      "goal_source": "oracle",
      "goal_type": "full",
      "initial_distance_mean": 10.471600532531738,
      "max_reward": 0.16403533025004435,
      "p50_terminal_distance": 1.2234125137329102,
      "p90_terminal_distance": 5.557109832763672,
      "p99_terminal_distance": 41.968605041503906,
      "shuffled_goal": false,
      "terminal_distance_mean": 3.2549386024475098,
      "terminal_reward": 0.15814276444507414
    },
    {
      "action_l2_mean": 0.4763521033746656,
      "action_saturation": 0.003125000075669959,
      "candidate_policy": "run20_full_ppo",
      "collector_policy": "run21_long_full_ppo",
      "decisions": 512,
      "distance_reduction_mean": 5.074106216430664,
      "fraction_improved_from_start": 0.85546875,
      "goal_reach_rate_eps": 0.0,
      "goal_source": "oracle",
      "goal_type": "full",
      "initial_distance_mean": 12.540973663330078,
      "max_reward": 0.15647080270537117,
      "p50_terminal_distance": 5.501340389251709,
      "p90_terminal_distance": 14.599932670593262,
      "p99_terminal_distance": 45.45647430419922,
      "shuffled_goal": true,