{
  "decisions_per_collector": 512,
  "goal_source": "oracle",
  "goal_type": "full",
  "held_goal_semantics": "fixed_target_recomputed_features",
  "rows": [
    {
      "action_l2_mean": 0.523571737561837,
      "action_saturation": 0.07093023391830366,
      "candidate_policy": "phase_c_full_bc",
      "collector_policy": "phase_c_full_bc",
      "decisions": 516,
      "distance_reduction_mean": 7.893556118011475,
      "fraction_improved_from_start": 0.877906976744186,
      "goal_reach_rate_eps": 0.007751937984496124,
      "goal_source": "oracle",
      "goal_type": "full",
      "initial_distance_mean": 8.794772148132324,
      "max_reward": 0.3612987971972934,
      "p50_terminal_distance": 0.1848701536655426,
      "p90_terminal_distance": 1.751849889755249,
      "p99_terminal_distance": 10.647006034851074,
      "shuffled_goal": false,
      "terminal_distance_mean": 0.9012165069580078,
      "terminal_reward": 0.3405825548133878
    },
    {
      "action_l2_mean": 0.6078586947288394,
      "action_saturation": 0.0718992261808048,
      "candidate_policy": "phase_c_full_bc",
      "collector_policy": "phase_c_full_bc",
      "decisions": 516,
      "distance_reduction_mean": 0.1555711030960083,
      "fraction_improved_from_start": 0.49612403100775193,
      "goal_reach_rate_eps": 0.0,
      "goal_source": "oracle",
      "goal_type": "full",
      "initial_distance_mean": 8.670914649963379,
      "max_reward": 0.31015373406527463,
      "p50_terminal_distance": 5.727097511291504,
      "p90_terminal_distance": 19.059091567993164,
      "p99_terminal_distance": 48.5234260559082,
      "shuffled_goal": true,
      "terminal_distance_mean": 8.515342712402344,
      "terminal_reward": 0.26782025129339376
    },
    {
      "action_l2_mean": 0.4465683896397782,
      "action_saturation": 0.030426357158048208,
      "candidate_policy": "run26_bc_prior_ppo",
      "collector_policy": "phase_c_full_bc",
      "decisions": 516,
      "distance_reduction_mean": 7.773645877838135,
      "fraction_improved_from_start": 0.9418604651162791,
      "goal_reach_rate_eps": 0.005813953488372093,
      "goal_source": "oracle",
      "goal_type": "full",
      "initial_distance_mean": 8.794772148132324,
      "max_reward": 0.3399271152646447,
      "p50_terminal_distance": 0.3278549909591675,
      "p90_terminal_distance": 2.1135611534118652,
      "p99_terminal_distance": 7.46724796295166,
      "shuffled_goal": false,
      "terminal_distance_mean": 1.0211261510849,
      "terminal_reward": 0.3236158945049022
    },
    {
      "action_l2_mean": 0.4960934446597573,
      "action_saturation": 0.02248062067773453,
      "candidate_policy": "run26_bc_prior_ppo",
      "collector_policy": "phase_c_full_bc",
      "decisions": 516,
      "distance_reduction_mean": 3.9113447666168213,
      "fraction_improved_from_start": 0.7674418604651163,
      "goal_reach_rate_eps": 0.0,
      "goal_source": "oracle",
      "goal_type": "full",
      "initial_distance_mean": 8.670914649963379,
      "max_reward": 0.29720023355280706,
      "p50_terminal_distance": 2.6749672889709473,
      "p90_terminal_distance": 10.887395858764648,
      "p99_terminal_distance": 27.882097244262695,
      "shuffled_goal": true,
      "terminal_distance_mean": 4.7595696449279785,
      "terminal_reward": 0.26498122197077717
    },
    {
      "action_l2_mean": 0.4602991995264509,
      "action_saturation": 0.04321705502306306,
      "candidate_policy": "run27_iterative_agg_ppo",
      "collector_policy": "phase_c_full_bc",
      "decisions": 516,
      "distance_reduction_mean": 8.062448501586914,
      "fraction_improved_from_start": 0.9418604651162791,
      "goal_reach_rate_eps": 0.003875968992248062,
      "goal_source": "oracle",
      "goal_type": "full",
      "initial_distance_mean": 8.794772148132324,
      "max_reward": 0.3184311895725108,
      "p50_terminal_distance": 0.24511729180812836,
      "p90_terminal_distance": 1.4922850131988525,
      "p99_terminal_distance": 5.813990116119385,
      "shuffled_goal": false,
      "terminal_distance_mean": 0.7323237061500549,
      "terminal_reward": 0.28670455181119286
    },
    {
      "action_l2_mean": 0.5073970513230608,
      "action_saturation": 0.035852713958006495,
      "candidate_policy": "run27_iterative_agg_ppo",
      "collector_policy": "phase_c_full_bc",
      "decisions": 516,
      "distance_reduction_mean": 4.008695602416992,
      "fraction_improved_from_start": 0.7771317829457365,
      "goal_reach_rate_eps": 0.0,
      "goal_source": "oracle",
      "goal_type": "full",
      "initial_distance_mean": 8.670914649963379,
      "max_reward": 0.29026929817212993,
      "p50_terminal_distance": 2.6128294467926025,
      "p90_terminal_distance": 10.412528038024902,
      "p99_terminal_distance": 31.820402145385742,
      "shuffled_goal": true,
      "terminal_distance_mean": 4.662219047546387,
      "terminal_reward": 0.2596163548594124
    },
    {
      "action_l2_mean": 0.5633131526196071,
      "action_saturation": 0.06621881128215515,
      "candidate_policy": "phase_c_full_bc",
      "collector_policy": "run27_iterative_agg_ppo",
      "decisions": 521,
      "distance_reduction_mean": 5.138166427612305,
      "fraction_improved_from_start": 0.7792706333973128,
      "goal_reach_rate_eps": 0.0,
      "goal_source": "oracle",
      "goal_type": "full",
      "initial_distance_mean": 7.64430046081543,
      "max_reward": 0.2686252301119111,
      "p50_terminal_distance": 0.5852648615837097,
      "p90_terminal_distance": 5.198836326599121,
      "p99_terminal_distance": 35.52629089355469,
      "shuffled_goal": false,
      "terminal_distance_mean": 2.506134271621704,
      "terminal_reward": 0.26278184023962825
    },
    {
      "action_l2_mean": 0.6470320667792648,
      "action_saturation": 0.06967370578171882,
      "candidate_policy": "phase_c_full_bc",
      "collector_policy": "run27_iterative_agg_ppo",
      "decisions": 521,
      "distance_reduction_mean": -2.2137913703918457,
      "fraction_improved_from_start": 0.4049904030710173,
      "goal_reach_rate_eps": 0.0,
      "goal_source": "oracle",
      "goal_type": "full",
      "initial_distance_mean": 8.328469276428223,
      "max_reward": 0.250137612856424,
      "p50_terminal_distance": 7.625462055206299,
      "p90_terminal_distance": 20.534379959106445,
      "p99_terminal_distance": 39.21198272705078,
      "shuffled_goal": true,
      "terminal_distance_mean": 10.54226016998291,
      "terminal_reward": 0.2324893651512271
    },
    {
      "action_l2_mean": 0.4489707010592586,
      "action_saturation": 0.023800384346216973,
      "candidate_policy": "run26_bc_prior_ppo",
      "collector_policy": "run27_iterative_agg_ppo",
      "decisions": 521,
      "distance_reduction_mean": 5.9324822425842285,
      "fraction_improved_from_start": 0.8790786948176583,
      "goal_reach_rate_eps": 0.0,
      "goal_source": "oracle",
      "goal_type": "full",
      "initial_distance_mean": 7.64430046081543,
      "max_reward": 0.2615895385669827,
      "p50_terminal_distance": 0.8762882351875305,
      "p90_terminal_distance": 3.6594722270965576,
      "p99_terminal_distance": 10.062873840332031,
      "shuffled_goal": false,
      "terminal_distance_mean": 1.711817979812622,
      "terminal_reward": 0.25831111988513916
    },
    {
      "action_l2_mean": 0.5003728492046043,
      "action_saturation": 0.01727447244061618,
      "candidate_policy": "run26_bc_prior_ppo",
      "collector_policy": "run27_iterative_agg_ppo",
      "decisions": 521,
      "distance_reduction_mean": 2.5907299518585205,
      "fraction_improved_from_start": 0.6967370441458733,
      "goal_reach_rate_eps": 0.0,
      "goal_source": "oracle",
      "goal_type": "full",
      "initial_distance_mean": 8.328469276428223,
      "max_reward": 0.24485144172500167,
      "p50_terminal_distance": 4.2452263832092285,
      "p90_terminal_distance": 11.325343132019043,