{
  "decisions_per_collector": 512,
  "goal_source": "oracle",
  "goal_type": "full",
  "held_goal_semantics": "fixed_target_recomputed_features",
  "rows": [
    {
      "action_l2_mean": 0.5193328338318679,
      "action_saturation": 0.07226562654250301,
      "candidate_policy": "phase_c_full_bc",
      "collector_policy": "phase_c_full_bc",
      "decisions": 512,
      "distance_reduction_mean": 7.987818241119385,
      "fraction_improved_from_start": 0.859375,
      "goal_reach_rate_eps": 0.009765625,
      "goal_source": "oracle",
      "goal_type": "full",
      "initial_distance_mean": 8.84939193725586,
      "max_reward": 0.3564483585214475,
      "p50_terminal_distance": 0.1660744845867157,
      "p90_terminal_distance": 1.7162868976593018,
      "p99_terminal_distance": 10.837562561035156,
      "shuffled_goal": false,
      "terminal_distance_mean": 0.8615743517875671,
      "terminal_reward": 0.34071339375077514
    },
    {
      "action_l2_mean": 0.6094850229856092,
      "action_saturation": 0.0716796888737008,
      "candidate_policy": "phase_c_full_bc",
      "collector_policy": "phase_c_full_bc",
      "decisions": 512,
      "distance_reduction_mean": 0.0962512344121933,
      "fraction_improved_from_start": 0.490234375,
      "goal_reach_rate_eps": 0.0,
      "goal_source": "oracle",
      "goal_type": "full",
      "initial_distance_mean": 8.692330360412598,
      "max_reward": 0.3151059097108373,
      "p50_terminal_distance": 5.718414306640625,
      "p90_terminal_distance": 19.542072296142578,
      "p99_terminal_distance": 49.16741180419922,
      "shuffled_goal": true,
      "terminal_distance_mean": 8.596078872680664,
      "terminal_reward": 0.2709361980923859
    },
    {
      "action_l2_mean": 0.40051254456557217,
      "action_saturation": 0.0031250000465661287,
      "candidate_policy": "run22_long_full_ppo",
      "collector_policy": "phase_c_full_bc",
      "decisions": 512,
      "distance_reduction_mean": 8.049589157104492,
      "fraction_improved_from_start": 0.9609375,
      "goal_reach_rate_eps": 0.009765625,
      "goal_source": "oracle",
      "goal_type": "full",
      "initial_distance_mean": 8.84939193725586,
      "max_reward": 0.3100022973412706,
      "p50_terminal_distance": 0.16946753859519958,
      "p90_terminal_distance": 2.1502363681793213,
      "p99_terminal_distance": 5.313336372375488,
      "shuffled_goal": false,
      "terminal_distance_mean": 0.7998038530349731,
      "terminal_reward": 0.296480506847729
    },
    {
      "action_l2_mean": 0.43557678360230057,
      "action_saturation": 0.0021484375465661287,
      "candidate_policy": "run22_long_full_ppo",
      "collector_policy": "phase_c_full_bc",
      "decisions": 512,
      "distance_reduction_mean": 5.828765869140625,
      "fraction_improved_from_start": 0.95703125,
      "goal_reach_rate_eps": 0.0,
      "goal_source": "oracle",
      "goal_type": "full",
      "initial_distance_mean": 8.692330360412598,
      "max_reward": 0.29994380994321546,
      "p50_terminal_distance": 1.7245821952819824,
      "p90_terminal_distance": 6.351250171661377,
      "p99_terminal_distance": 17.286104202270508,
      "shuffled_goal": true,
      "terminal_distance_mean": 2.8635644912719727,
      "terminal_reward": 0.2552302020485513
    },
    {
      "action_l2_mean": 0.4470631660078652,
      "action_saturation": 0.04277343819558155,
      "candidate_policy": "run25_bc_warm_start_ppo",
      "collector_policy": "phase_c_full_bc",
      "decisions": 512,
      "distance_reduction_mean": 7.77565860748291,
      "fraction_improved_from_start": 0.912109375,
      "goal_reach_rate_eps": 0.0,
      "goal_source": "oracle",
      "goal_type": "full",
      "initial_distance_mean": 8.84939193725586,
      "max_reward": 0.3501350019068923,
      "p50_terminal_distance": 0.315542995929718,
      "p90_terminal_distance": 2.2884483337402344,
      "p99_terminal_distance": 8.99443531036377,
      "shuffled_goal": false,
      "terminal_distance_mean": 1.0737338066101074,
      "terminal_reward": 0.3342491243602126
    },
    {
      "action_l2_mean": 0.48932648383197375,
      "action_saturation": 0.031054688079166226,
      "candidate_policy": "run25_bc_warm_start_ppo",
      "collector_policy": "phase_c_full_bc",
      "decisions": 512,
      "distance_reduction_mean": 3.5845859050750732,
      "fraction_improved_from_start": 0.75390625,
      "goal_reach_rate_eps": 0.0,
      "goal_source": "oracle",
      "goal_type": "full",
      "initial_distance_mean": 8.692330360412598,
      "max_reward": 0.2990699642832624,
      "p50_terminal_distance": 2.6489715576171875,
      "p90_terminal_distance": 12.29555606842041,
      "p99_terminal_distance": 34.49176788330078,
      "shuffled_goal": true,
      "terminal_distance_mean": 5.1077446937561035,
      "terminal_reward": 0.2627553487291152
    },
    {
      "action_l2_mean": 0.4477945210383041,
      "action_saturation": 0.029492188114090823,
      "candidate_policy": "run26_bc_prior_ppo",
      "collector_policy": "phase_c_full_bc",
      "decisions": 512,
      "distance_reduction_mean": 7.865694046020508,
      "fraction_improved_from_start": 0.931640625,
      "goal_reach_rate_eps": 0.00390625,
      "goal_source": "oracle",
      "goal_type": "full",
      "initial_distance_mean": 8.84939193725586,
      "max_reward": 0.35320359145043767,
      "p50_terminal_distance": 0.2861141264438629,
      "p90_terminal_distance": 2.027196168899536,
      "p99_terminal_distance": 7.259631633758545,
      "shuffled_goal": false,
      "terminal_distance_mean": 0.9836984872817993,
      "terminal_reward": 0.33060212239433895
    },
    {
      "action_l2_mean": 0.4973910772750969,
      "action_saturation": 0.023046875547152013,
      "candidate_policy": "run26_bc_prior_ppo",
      "collector_policy": "phase_c_full_bc",
      "decisions": 512,
      "distance_reduction_mean": 3.8770270347595215,
      "fraction_improved_from_start": 0.7578125,
      "goal_reach_rate_eps": 0.0,
      "goal_source": "oracle",
      "goal_type": "full",
      "initial_distance_mean": 8.692330360412598,
      "max_reward": 0.29585965698061045,
      "p50_terminal_distance": 2.6244025230407715,
      "p90_terminal_distance": 11.273192405700684,
      "p99_terminal_distance": 27.953243255615234,
      "shuffled_goal": true,
      "terminal_distance_mean": 4.815303802490234,
      "terminal_reward": 0.26597002558992244
    },
    {
      "action_l2_mean": 0.5399413633231933,
      "action_saturation": 0.06903846289675969,
      "candidate_policy": "phase_c_full_bc",
      "collector_policy": "run26_bc_prior_ppo",
      "decisions": 520,
      "distance_reduction_mean": 4.682901382446289,
      "fraction_improved_from_start": 0.7615384615384615,
      "goal_reach_rate_eps": 0.0019230769230769232,
      "goal_source": "oracle",
      "goal_type": "full",
      "initial_distance_mean": 7.26869535446167,
      "max_reward": 0.27509963910381957,
      "p50_terminal_distance": 0.5424376726150513,
      "p90_terminal_distance": 6.068492889404297,
      "p99_terminal_distance": 30.606359481811523,
      "shuffled_goal": false,
      "terminal_distance_mean": 2.585793972015381,
      "terminal_reward": 0.2692614005197986
    },
    {
      "action_l2_mean": 0.6631388538015577,
      "action_saturation": 0.08307692454411433,
      "candidate_policy": "phase_c_full_bc",
      "collector_policy": "run26_bc_prior_ppo",
      "decisions": 520,
      "distance_reduction_mean": -2.923733711242676,
      "fraction_improved_from_start": 0.38846153846153847,
      "goal_reach_rate_eps": 0.0,
      "goal_source": "oracle",
      "goal_type": "full",
      "initial_distance_mean": 8.5327787399292,
      "max_reward": 0.2590494710772943,
      "p50_terminal_distance": 8.455118179321289,
      "p90_terminal_distance": 23.725515365600586,
      "p99_terminal_distance": 50.631187438964844,
      "shuffled_goal": true,