{
  "decisions_per_collector": 512,
  "goal_source": "oracle",
  "goal_type": "full",
  "held_goal_semantics": "fixed_target_recomputed_features",
  "rows": [
    {
      "action_l2_mean": 0.519809554774838,
      "action_saturation": 0.07148437639989424,
      "candidate_policy": "phase_c_full_bc",
      "collector_policy": "phase_c_full_bc",
      "decisions": 512,
      "distance_reduction_mean": 7.748965263366699,
      "fraction_improved_from_start": 0.861328125,
      "goal_reach_rate_eps": 0.0078125,
      "goal_source": "oracle",
      "goal_type": "full",
      "initial_distance_mean": 8.65673542022705,
      "max_reward": 0.34078375850003795,
      "p50_terminal_distance": 0.16582900285720825,
      "p90_terminal_distance": 1.8326826095581055,
      "p99_terminal_distance": 10.461081504821777,
      "shuffled_goal": false,
      "terminal_distance_mean": 0.9077706336975098,
      "terminal_reward": 0.32773136163086747
    },
    {
      "action_l2_mean": 0.6088702743436443,
      "action_saturation": 0.07324218888243195,
      "candidate_policy": "phase_c_full_bc",
      "collector_policy": "phase_c_full_bc",
      "decisions": 512,
      "distance_reduction_mean": 0.05527116358280182,
      "fraction_improved_from_start": 0.51953125,
      "goal_reach_rate_eps": 0.0,
      "goal_source": "oracle",
      "goal_type": "full",
      "initial_distance_mean": 8.603384017944336,
      "max_reward": 0.31764927936092135,
      "p50_terminal_distance": 5.833980560302734,
      "p90_terminal_distance": 19.38016700744629,
      "p99_terminal_distance": 49.16741180419922,
      "shuffled_goal": true,
      "terminal_distance_mean": 8.548112869262695,
      "terminal_reward": 0.2743605591422238
    },
    {
      "action_l2_mean": 0.4006442651079851,
      "action_saturation": 0.0027343750407453626,
      "candidate_policy": "run22_long_full_ppo",
      "collector_policy": "phase_c_full_bc",
      "decisions": 512,
      "distance_reduction_mean": 7.855978012084961,
      "fraction_improved_from_start": 0.951171875,
      "goal_reach_rate_eps": 0.013671875,
      "goal_source": "oracle",
      "goal_type": "full",
      "initial_distance_mean": 8.65673542022705,
      "max_reward": 0.3129787122416019,
      "p50_terminal_distance": 0.1617547869682312,
      "p90_terminal_distance": 2.18206787109375,
      "p99_terminal_distance": 5.306375503540039,
      "shuffled_goal": false,
      "terminal_distance_mean": 0.8007577657699585,
      "terminal_reward": 0.3035585282050306
    },
    {
      "action_l2_mean": 0.4348183679685462,
      "action_saturation": 0.0019531250436557457,
      "candidate_policy": "run22_long_full_ppo",
      "collector_policy": "phase_c_full_bc",
      "decisions": 512,
      "distance_reduction_mean": 5.766472816467285,
      "fraction_improved_from_start": 0.958984375,
      "goal_reach_rate_eps": 0.0,
      "goal_source": "oracle",
      "goal_type": "full",
      "initial_distance_mean": 8.603384017944336,
      "max_reward": 0.29111871244822396,
      "p50_terminal_distance": 1.6592893600463867,
      "p90_terminal_distance": 6.439060688018799,
      "p99_terminal_distance": 13.378689765930176,
      "shuffled_goal": true,
      "terminal_distance_mean": 2.836911678314209,
      "terminal_reward": 0.2560811581934104
    },
    {
      "action_l2_mean": 0.40820244069982436,
      "action_saturation": 0.002929687558207661,
      "candidate_policy": "run23_reset_mixture_ppo",
      "collector_policy": "phase_c_full_bc",
      "decisions": 512,
      "distance_reduction_mean": 7.905831813812256,
      "fraction_improved_from_start": 0.9296875,
      "goal_reach_rate_eps": 0.0,
      "goal_source": "oracle",
      "goal_type": "full",
      "initial_distance_mean": 8.65673542022705,
      "max_reward": 0.3029741969257884,
      "p50_terminal_distance": 0.19865632057189941,
      "p90_terminal_distance": 1.9158174991607666,
      "p99_terminal_distance": 4.739404678344727,
      "shuffled_goal": false,
      "terminal_distance_mean": 0.7509039640426636,
      "terminal_reward": 0.283464217587607
    },
    {
      "action_l2_mean": 0.44903501502994914,
      "action_saturation": 0.0003906250058207661,
      "candidate_policy": "run23_reset_mixture_ppo",
      "collector_policy": "phase_c_full_bc",
      "decisions": 512,
      "distance_reduction_mean": 5.806756973266602,
      "fraction_improved_from_start": 0.953125,
      "goal_reach_rate_eps": 0.0,
      "goal_source": "oracle",
      "goal_type": "full",
      "initial_distance_mean": 8.603384017944336,
      "max_reward": 0.2974353948084172,
      "p50_terminal_distance": 1.6613452434539795,
      "p90_terminal_distance": 6.287007808685303,
      "p99_terminal_distance": 14.377182960510254,
      "shuffled_goal": true,
      "terminal_distance_mean": 2.7966275215148926,
      "terminal_reward": 0.25961505211307667
    },
    {
      "action_l2_mean": 0.7041623928816989,
      "action_saturation": 0.1050781270605512,
      "candidate_policy": "phase_c_full_bc",
      "collector_policy": "run23_reset_mixture_ppo",
      "decisions": 512,
      "distance_reduction_mean": 2.646048069000244,
      "fraction_improved_from_start": 0.685546875,
      "goal_reach_rate_eps": 0.0,
      "goal_source": "oracle",
      "goal_type": "full",
      "initial_distance_mean": 9.291354179382324,
      "max_reward": 0.17657001463521738,
      "p50_terminal_distance": 1.7248207330703735,
      "p90_terminal_distance": 13.686331748962402,
      "p99_terminal_distance": 84.01068878173828,
      "shuffled_goal": false,
      "terminal_distance_mean": 6.645305633544922,
      "terminal_reward": 0.16911816113861278
    },
    {
      "action_l2_mean": 0.7917628299328499,
      "action_saturation": 0.1490234398515895,
      "candidate_policy": "phase_c_full_bc",
      "collector_policy": "run23_reset_mixture_ppo",
      "decisions": 512,
      "distance_reduction_mean": -4.276917457580566,
      "fraction_improved_from_start": 0.392578125,
      "goal_reach_rate_eps": 0.0,
      "goal_source": "oracle",
      "goal_type": "full",
      "initial_distance_mean": 11.260003089904785,
      "max_reward": 0.16332957807571802,
      "p50_terminal_distance": 10.486401557922363,
      "p90_terminal_distance": 28.933629989624023,
      "p99_terminal_distance": 100.44770812988281,
      "shuffled_goal": true,
      "terminal_distance_mean": 15.536919593811035,
      "terminal_reward": 0.14430931493734533
    },
    {
      "action_l2_mean": 0.4048485687817447,
      "action_saturation": 0.0003906250058207661,
      "candidate_policy": "run22_long_full_ppo",
      "collector_policy": "run23_reset_mixture_ppo",
      "decisions": 512,
      "distance_reduction_mean": 7.3383684158325195,
      "fraction_improved_from_start": 0.91796875,
      "goal_reach_rate_eps": 0.0,
      "goal_source": "oracle",
      "goal_type": "full",
      "initial_distance_mean": 9.291354179382324,
      "max_reward": 0.1610680151352426,
      "p50_terminal_distance": 1.08445143699646,
      "p90_terminal_distance": 3.4901509284973145,
      "p99_terminal_distance": 15.67689037322998,
      "shuffled_goal": false,
      "terminal_distance_mean": 1.9529852867126465,
      "terminal_reward": 0.15607189934598864
    },
    {
      "action_l2_mean": 0.46115507803915534,
      "action_saturation": 0.001953125058207661,
      "candidate_policy": "run22_long_full_ppo",
      "collector_policy": "run23_reset_mixture_ppo",
      "decisions": 512,
      "distance_reduction_mean": 4.450182914733887,
      "fraction_improved_from_start": 0.876953125,
      "goal_reach_rate_eps": 0.0,
      "goal_source": "oracle",
      "goal_type": "full",
      "initial_distance_mean": 11.260003089904785,
      "max_reward": 0.1587463518117147,
      "p50_terminal_distance": 5.27407169342041,
      "p90_terminal_distance": 11.245563507080078,
      "p99_terminal_distance": 36.22856140136719,
      "shuffled_goal": true,