{
  "decisions_per_collector": 512,
  "goal_source": "oracle",
  "goal_type": "full",
  "held_goal_semantics": "fixed_target_recomputed_features",
  "rows": [
    {
      "action_l2_mean": 0.5195065128137765,
      "action_saturation": 0.07087378772427735,
      "candidate_policy": "phase_c_full_bc",
      "collector_policy": "phase_c_full_bc",
      "decisions": 515,
      "distance_reduction_mean": 8.121166229248047,
      "fraction_improved_from_start": 0.858252427184466,
      "goal_reach_rate_eps": 0.007766990291262136,
      "goal_source": "oracle",
      "goal_type": "full",
      "initial_distance_mean": 8.990913391113281,
      "max_reward": 0.3490966399100799,
      "p50_terminal_distance": 0.16720420122146606,
      "p90_terminal_distance": 1.5919238328933716,
      "p99_terminal_distance": 8.623492240905762,
      "shuffled_goal": false,
      "terminal_distance_mean": 0.8697472810745239,
      "terminal_reward": 0.3335869188302929
    },
    {
      "action_l2_mean": 0.6095568543969138,
      "action_saturation": 0.0716504866781744,
      "candidate_policy": "phase_c_full_bc",
      "collector_policy": "phase_c_full_bc",
      "decisions": 515,
      "distance_reduction_mean": 0.0379122830927372,
      "fraction_improved_from_start": 0.5106796116504855,
      "goal_reach_rate_eps": 0.0,
      "goal_source": "oracle",
      "goal_type": "full",
      "initial_distance_mean": 8.688560485839844,
      "max_reward": 0.30641619358030914,
      "p50_terminal_distance": 5.618813514709473,
      "p90_terminal_distance": 19.569194793701172,
      "p99_terminal_distance": 48.53997039794922,
      "shuffled_goal": true,
      "terminal_distance_mean": 8.65064811706543,
      "terminal_reward": 0.2695043860093772
    },
    {
      "action_l2_mean": 0.4024910981142984,
      "action_saturation": 0.0027184466424497586,
      "candidate_policy": "run22_long_full_ppo",
      "collector_policy": "phase_c_full_bc",
      "decisions": 515,
      "distance_reduction_mean": 8.178753852844238,
      "fraction_improved_from_start": 0.9553398058252427,
      "goal_reach_rate_eps": 0.009708737864077669,
      "goal_source": "oracle",
      "goal_type": "full",
      "initial_distance_mean": 8.990913391113281,
      "max_reward": 0.30423164698611765,
      "p50_terminal_distance": 0.17501471936702728,
      "p90_terminal_distance": 2.152156352996826,
      "p99_terminal_distance": 5.818258285522461,
      "shuffled_goal": false,
      "terminal_distance_mean": 0.8121587038040161,
      "terminal_reward": 0.29470582639129417
    },
    {
      "action_l2_mean": 0.43674752584938864,
      "action_saturation": 0.0019417476162169743,
      "candidate_policy": "run22_long_full_ppo",
      "collector_policy": "phase_c_full_bc",
      "decisions": 515,
      "distance_reduction_mean": 5.82413911819458,
      "fraction_improved_from_start": 0.9572815533980582,
      "goal_reach_rate_eps": 0.0,
      "goal_source": "oracle",
      "goal_type": "full",
      "initial_distance_mean": 8.688560485839844,
      "max_reward": 0.2903489850967833,
      "p50_terminal_distance": 1.6782277822494507,
      "p90_terminal_distance": 6.591214179992676,
      "p99_terminal_distance": 17.024749755859375,
      "shuffled_goal": true,
      "terminal_distance_mean": 2.864421844482422,
      "terminal_reward": 0.2521456529720894
    },
    {
      "action_l2_mean": 0.4472405483349434,
      "action_saturation": 0.04252427269532843,
      "candidate_policy": "run25_bc_warm_start_ppo",
      "collector_policy": "phase_c_full_bc",
      "decisions": 515,
      "distance_reduction_mean": 7.917039394378662,
      "fraction_improved_from_start": 0.9029126213592233,
      "goal_reach_rate_eps": 0.0,
      "goal_source": "oracle",
      "goal_type": "full",
      "initial_distance_mean": 8.990913391113281,
      "max_reward": 0.3455590050197342,
      "p50_terminal_distance": 0.31416764855384827,
      "p90_terminal_distance": 2.3016855716705322,
      "p99_terminal_distance": 9.50101375579834,
      "shuffled_goal": false,
      "terminal_distance_mean": 1.0738732814788818,
      "terminal_reward": 0.3347037703956215
    },
    {
      "action_l2_mean": 0.48822611612313,
      "action_saturation": 0.03184466078443435,
      "candidate_policy": "run25_bc_warm_start_ppo",
      "collector_policy": "phase_c_full_bc",
      "decisions": 515,
      "distance_reduction_mean": 3.5828893184661865,
      "fraction_improved_from_start": 0.7475728155339806,
      "goal_reach_rate_eps": 0.0,
      "goal_source": "oracle",
      "goal_type": "full",
      "initial_distance_mean": 8.688560485839844,
      "max_reward": 0.2996720322561496,
      "p50_terminal_distance": 2.6609387397766113,
      "p90_terminal_distance": 12.773423194885254,
      "p99_terminal_distance": 34.954933166503906,
      "shuffled_goal": true,
      "terminal_distance_mean": 5.105671405792236,
      "terminal_reward": 0.2626138435694778
    },
    {
      "action_l2_mean": 0.5697294278088345,
      "action_saturation": 0.06982592013403341,
      "candidate_policy": "phase_c_full_bc",
      "collector_policy": "run25_bc_warm_start_ppo",
      "decisions": 517,
      "distance_reduction_mean": 5.06843376159668,
      "fraction_improved_from_start": 0.769825918762089,
      "goal_reach_rate_eps": 0.0,
      "goal_source": "oracle",
      "goal_type": "full",
      "initial_distance_mean": 8.048423767089844,
      "max_reward": 0.27467053236594746,
      "p50_terminal_distance": 0.6121957302093506,
      "p90_terminal_distance": 6.7456183433532715,
      "p99_terminal_distance": 37.89453125,
      "shuffled_goal": false,
      "terminal_distance_mean": 2.9799909591674805,
      "terminal_reward": 0.26475742538918956
    },
    {
      "action_l2_mean": 0.6619855930571169,
      "action_saturation": 0.08820116211528704,
      "candidate_policy": "phase_c_full_bc",
      "collector_policy": "run25_bc_warm_start_ppo",
      "decisions": 517,
      "distance_reduction_mean": -2.8170480728149414,
      "fraction_improved_from_start": 0.3655705996131528,
      "goal_reach_rate_eps": 0.0,
      "goal_source": "oracle",
      "goal_type": "full",
      "initial_distance_mean": 8.780335426330566,
      "max_reward": 0.2521207207341893,
      "p50_terminal_distance": 8.174274444580078,
      "p90_terminal_distance": 23.381038665771484,
      "p99_terminal_distance": 50.15508270263672,
      "shuffled_goal": true,
      "terminal_distance_mean": 11.597384452819824,
      "terminal_reward": 0.22922761253274013
    },
    {
      "action_l2_mean": 0.4056589384374121,
      "action_saturation": 0.0021276596205838643,
      "candidate_policy": "run22_long_full_ppo",
      "collector_policy": "run25_bc_warm_start_ppo",
      "decisions": 517,
      "distance_reduction_mean": 6.9015021324157715,
      "fraction_improved_from_start": 0.97678916827853,
      "goal_reach_rate_eps": 0.0,
      "goal_source": "oracle",
      "goal_type": "full",
      "initial_distance_mean": 8.048423767089844,
      "max_reward": 0.2573686049678282,
      "p50_terminal_distance": 0.3601675033569336,
      "p90_terminal_distance": 2.6899800300598145,
      "p99_terminal_distance": 8.165407180786133,
      "shuffled_goal": false,
      "terminal_distance_mean": 1.1469216346740723,
      "terminal_reward": 0.2502930263233888
    },
    {
      "action_l2_mean": 0.4324476750174851,
      "action_saturation": 0.0019342360344338924,
      "candidate_policy": "run22_long_full_ppo",
      "collector_policy": "run25_bc_warm_start_ppo",
      "decisions": 517,
      "distance_reduction_mean": 4.764047622680664,
      "fraction_improved_from_start": 0.9129593810444874,
      "goal_reach_rate_eps": 0.0,
      "goal_source": "oracle",
      "goal_type": "full",
      "initial_distance_mean": 8.780335426330566,
      "max_reward": 0.24336372060085174,
      "p50_terminal_distance": 2.9661178588867188,
      "p90_terminal_distance": 7.363948822021484,