{
  "decisions_per_collector": 512,
  "goal_source": "oracle",
  "goal_type": "full",
  "held_goal_semantics": "fixed_target_recomputed_features",
  "rows": [
    {
      "action_l2_mean": 0.5252381751448149,
      "action_saturation": 0.07134503068050213,
      "candidate_policy": "phase_c_full_bc",
      "collector_policy": "phase_c_full_bc",
      "decisions": 513,
      "distance_reduction_mean": 7.883965492248535,
      "fraction_improved_from_start": 0.884990253411306,
      "goal_reach_rate_eps": 0.011695906432748537,
      "goal_source": "oracle",
      "goal_type": "full",
      "initial_distance_mean": 8.74849796295166,
      "max_reward": 0.3590137854864781,
      "p50_terminal_distance": 0.1352987289428711,
      "p90_terminal_distance": 1.8000081777572632,
      "p99_terminal_distance": 11.155621528625488,
      "shuffled_goal": false,
      "terminal_distance_mean": 0.8645333647727966,
      "terminal_reward": 0.34728005524456035
    },
    {
      "action_l2_mean": 0.6180431745496178,
      "action_saturation": 0.07251462122501685,
      "candidate_policy": "phase_c_full_bc",
      "collector_policy": "phase_c_full_bc",
      "decisions": 513,
      "distance_reduction_mean": 0.11248776316642761,
      "fraction_improved_from_start": 0.5107212475633528,
      "goal_reach_rate_eps": 0.0,
      "goal_source": "oracle",
      "goal_type": "full",
      "initial_distance_mean": 8.545510292053223,
      "max_reward": 0.32139542187268155,
      "p50_terminal_distance": 5.631934642791748,
      "p90_terminal_distance": 19.157331466674805,
      "p99_terminal_distance": 49.1663818359375,
      "shuffled_goal": true,
      "terminal_distance_mean": 8.433022499084473,
      "terminal_reward": 0.2789967407601328
    },
    {
      "action_l2_mean": 0.3976075047151445,
      "action_saturation": 0.0035087719821093374,
      "candidate_policy": "run21_long_full_ppo",
      "collector_policy": "phase_c_full_bc",
      "decisions": 513,
      "distance_reduction_mean": 7.9350433349609375,
      "fraction_improved_from_start": 0.9590643274853801,
      "goal_reach_rate_eps": 0.011695906432748537,
      "goal_source": "oracle",
      "goal_type": "full",
      "initial_distance_mean": 8.74849796295166,
      "max_reward": 0.31704098820599197,
      "p50_terminal_distance": 0.16749270260334015,
      "p90_terminal_distance": 2.2482709884643555,
      "p99_terminal_distance": 5.016299724578857,
      "shuffled_goal": false,
      "terminal_distance_mean": 0.8134563565254211,
      "terminal_reward": 0.3018000812558403
    },
    {
      "action_l2_mean": 0.4198912817287689,
      "action_saturation": 0.0011695906607031125,
      "candidate_policy": "run21_long_full_ppo",
      "collector_policy": "phase_c_full_bc",
      "decisions": 513,
      "distance_reduction_mean": 5.391561031341553,
      "fraction_improved_from_start": 0.9532163742690059,
      "goal_reach_rate_eps": 0.0,
      "goal_source": "oracle",
      "goal_type": "full",
      "initial_distance_mean": 8.545510292053223,
      "max_reward": 0.2977173907380936,
      "p50_terminal_distance": 1.6944411993026733,
      "p90_terminal_distance": 6.991546154022217,
      "p99_terminal_distance": 17.216442108154297,
      "shuffled_goal": true,
      "terminal_distance_mean": 3.1539499759674072,
      "terminal_reward": 0.25726305429422486
    },
    {
      "action_l2_mean": 0.40448274972828624,
      "action_saturation": 0.002534113098190077,
      "candidate_policy": "run22_long_full_ppo",
      "collector_policy": "phase_c_full_bc",
      "decisions": 513,
      "distance_reduction_mean": 7.958053112030029,
      "fraction_improved_from_start": 0.9668615984405458,
      "goal_reach_rate_eps": 0.011695906432748537,
      "goal_source": "oracle",
      "goal_type": "full",
      "initial_distance_mean": 8.74849796295166,
      "max_reward": 0.3179095513450588,
      "p50_terminal_distance": 0.15969599783420563,
      "p90_terminal_distance": 2.1516659259796143,
      "p99_terminal_distance": 5.140381336212158,
      "shuffled_goal": false,
      "terminal_distance_mean": 0.7904464602470398,
      "terminal_reward": 0.3043084880101111
    },
    {
      "action_l2_mean": 0.43783470930905605,
      "action_saturation": 0.0019493177823620698,
      "candidate_policy": "run22_long_full_ppo",
      "collector_policy": "phase_c_full_bc",
      "decisions": 513,
      "distance_reduction_mean": 5.6848320960998535,
      "fraction_improved_from_start": 0.949317738791423,
      "goal_reach_rate_eps": 0.0,
      "goal_source": "oracle",
      "goal_type": "full",
      "initial_distance_mean": 8.545510292053223,
      "max_reward": 0.30660580113152547,
      "p50_terminal_distance": 1.7296712398529053,
      "p90_terminal_distance": 6.5266218185424805,
      "p99_terminal_distance": 13.262262344360352,
      "shuffled_goal": true,
      "terminal_distance_mean": 2.860678195953369,
      "terminal_reward": 0.2653307821056996
    },
    {
      "action_l2_mean": 0.7317109069554135,
      "action_saturation": 0.11035156423167791,
      "candidate_policy": "phase_c_full_bc",
      "collector_policy": "run22_long_full_ppo",
      "decisions": 512,
      "distance_reduction_mean": 1.4550502300262451,
      "fraction_improved_from_start": 0.681640625,
      "goal_reach_rate_eps": 0.0,
      "goal_source": "oracle",
      "goal_type": "full",
      "initial_distance_mean": 9.892782211303711,
      "max_reward": 0.16876314644832746,
      "p50_terminal_distance": 1.7300705909729004,
      "p90_terminal_distance": 16.395673751831055,
      "p99_terminal_distance": 96.70304870605469,
      "shuffled_goal": false,
      "terminal_distance_mean": 8.437732696533203,
      "terminal_reward": 0.16038586715148995
    },
    {
      "action_l2_mean": 0.8049466108204797,
      "action_saturation": 0.15546875227300916,
      "candidate_policy": "phase_c_full_bc",
      "collector_policy": "run22_long_full_ppo",
      "decisions": 512,
      "distance_reduction_mean": -4.382150173187256,
      "fraction_improved_from_start": 0.42578125,
      "goal_reach_rate_eps": 0.0,
      "goal_source": "oracle",
      "goal_type": "full",
      "initial_distance_mean": 13.854198455810547,
      "max_reward": 0.1566703570606478,
      "p50_terminal_distance": 10.630388259887695,
      "p90_terminal_distance": 36.649452209472656,
      "p99_terminal_distance": 136.57601928710938,
      "shuffled_goal": true,
      "terminal_distance_mean": 18.236347198486328,
      "terminal_reward": 0.13795219629173516
    },
    {
      "action_l2_mean": 0.40287529364286456,
      "action_saturation": 0.0007812500116415322,
      "candidate_policy": "run21_long_full_ppo",
      "collector_policy": "run22_long_full_ppo",
      "decisions": 512,
      "distance_reduction_mean": 4.48602294921875,
      "fraction_improved_from_start": 0.880859375,
      "goal_reach_rate_eps": 0.0,
      "goal_source": "oracle",
      "goal_type": "full",
      "initial_distance_mean": 9.892782211303711,
      "max_reward": 0.1566995096836763,
      "p50_terminal_distance": 1.3542708158493042,
      "p90_terminal_distance": 7.0408830642700195,
      "p99_terminal_distance": 115.13052368164062,
      "shuffled_goal": false,
      "terminal_distance_mean": 5.406760215759277,
      "terminal_reward": 0.1521165661761188
    },
    {
      "action_l2_mean": 0.4859141048655147,
      "action_saturation": 0.0013671875203726813,
      "candidate_policy": "run21_long_full_ppo",
      "collector_policy": "run22_long_full_ppo",
      "decisions": 512,
      "distance_reduction_mean": 5.287886142730713,
      "fraction_improved_from_start": 0.88671875,
      "goal_reach_rate_eps": 0.0,
      "goal_source": "oracle",
      "goal_type": "full",
      "initial_distance_mean": 13.854198455810547,
      "max_reward": 0.151613607602485,
      "p50_terminal_distance": 5.2728118896484375,
      "p90_terminal_distance": 14.643390655517578,
      "p99_terminal_distance": 67.11300659179688,