{
  "decisions_per_collector": 512,
  "goal_source": "oracle",
  "goal_type": "full",
  "held_goal_semantics": "fixed_target_recomputed_features",
  "rows": [
    {
      "action_l2_mean": 0.5199308341600059,
      "action_saturation": 0.07364341226774593,
      "candidate_policy": "phase_c_full_bc",
      "collector_policy": "phase_c_full_bc",
      "decisions": 516,
      "distance_reduction_mean": 7.806885242462158,
      "fraction_improved_from_start": 0.872093023255814,
      "goal_reach_rate_eps": 0.005813953488372093,
      "goal_source": "oracle",
      "goal_type": "full",
      "initial_distance_mean": 8.716024398803711,
      "max_reward": 0.34973741174032985,
      "p50_terminal_distance": 0.1657385230064392,
      "p90_terminal_distance": 1.7432899475097656,
      "p99_terminal_distance": 11.488872528076172,
      "shuffled_goal": false,
      "terminal_distance_mean": 0.9091394543647766,
      "terminal_reward": 0.33681121025985294
    },
    {
      "action_l2_mean": 0.6065772691698268,
      "action_saturation": 0.07073643543692522,
      "candidate_policy": "phase_c_full_bc",
      "collector_policy": "phase_c_full_bc",
      "decisions": 516,
      "distance_reduction_mean": -0.02307521551847458,
      "fraction_improved_from_start": 0.5135658914728682,
      "goal_reach_rate_eps": 0.0,
      "goal_source": "oracle",
      "goal_type": "full",
      "initial_distance_mean": 8.496597290039062,
      "max_reward": 0.30979069547236776,
      "p50_terminal_distance": 5.596154689788818,
      "p90_terminal_distance": 18.986473083496094,
      "p99_terminal_distance": 49.16329574584961,
      "shuffled_goal": true,
      "terminal_distance_mean": 8.519672393798828,
      "terminal_reward": 0.2675342188982019
    },
    {
      "action_l2_mean": 0.4460163162443642,
      "action_saturation": 0.029263566457485967,
      "candidate_policy": "run26_bc_prior_ppo",
      "collector_policy": "phase_c_full_bc",
      "decisions": 516,
      "distance_reduction_mean": 7.735871315002441,
      "fraction_improved_from_start": 0.9341085271317829,
      "goal_reach_rate_eps": 0.0,
      "goal_source": "oracle",
      "goal_type": "full",
      "initial_distance_mean": 8.716024398803711,
      "max_reward": 0.34948670829090384,
      "p50_terminal_distance": 0.29004377126693726,
      "p90_terminal_distance": 2.0344576835632324,
      "p99_terminal_distance": 7.366428852081299,
      "shuffled_goal": false,
      "terminal_distance_mean": 0.9801536202430725,
      "terminal_reward": 0.3348347616179796
    },
    {
      "action_l2_mean": 0.4930943116805581,
      "action_saturation": 0.02248062069217364,
      "candidate_policy": "run26_bc_prior_ppo",
      "collector_policy": "phase_c_full_bc",
      "decisions": 516,
      "distance_reduction_mean": 3.707639217376709,
      "fraction_improved_from_start": 0.7596899224806202,
      "goal_reach_rate_eps": 0.0,
      "goal_source": "oracle",
      "goal_type": "full",
      "initial_distance_mean": 8.496597290039062,
      "max_reward": 0.29453769177487193,
      "p50_terminal_distance": 2.528759717941284,
      "p90_terminal_distance": 11.239062309265137,
      "p99_terminal_distance": 28.129640579223633,
      "shuffled_goal": true,
      "terminal_distance_mean": 4.7889580726623535,
      "terminal_reward": 0.261852317143145
    },
    {
      "action_l2_mean": 0.45984347775044254,
      "action_saturation": 0.044573644219442855,
      "candidate_policy": "run27_iterative_agg_ppo",
      "collector_policy": "phase_c_full_bc",
      "decisions": 516,
      "distance_reduction_mean": 8.016873359680176,
      "fraction_improved_from_start": 0.936046511627907,
      "goal_reach_rate_eps": 0.003875968992248062,
      "goal_source": "oracle",
      "goal_type": "full",
      "initial_distance_mean": 8.716024398803711,
      "max_reward": 0.32002398738449855,
      "p50_terminal_distance": 0.20854291319847107,
      "p90_terminal_distance": 1.509310007095337,
      "p99_terminal_distance": 5.779289245605469,
      "shuffled_goal": false,
      "terminal_distance_mean": 0.6991523504257202,
      "terminal_reward": 0.28810108838559584
    },
    {
      "action_l2_mean": 0.5056040218071074,
      "action_saturation": 0.03662790766693363,
      "candidate_policy": "run27_iterative_agg_ppo",
      "collector_policy": "phase_c_full_bc",
      "decisions": 516,
      "distance_reduction_mean": 3.8721823692321777,
      "fraction_improved_from_start": 0.7868217054263565,
      "goal_reach_rate_eps": 0.0,
      "goal_source": "oracle",
      "goal_type": "full",
      "initial_distance_mean": 8.496597290039062,
      "max_reward": 0.30062156696551184,
      "p50_terminal_distance": 2.556046485900879,
      "p90_terminal_distance": 10.235820770263672,
      "p99_terminal_distance": 31.929346084594727,
      "shuffled_goal": true,
      "terminal_distance_mean": 4.624415397644043,
      "terminal_reward": 0.2714360891516472
    },
    {
      "action_l2_mean": 0.4791917688855829,
      "action_saturation": 0.049806202552461806,
      "candidate_policy": "run28_iterative_agg_bc_prior5_ppo",
      "collector_policy": "phase_c_full_bc",
      "decisions": 516,
      "distance_reduction_mean": 7.973411560058594,
      "fraction_improved_from_start": 0.9031007751937985,
      "goal_reach_rate_eps": 0.005813953488372093,
      "goal_source": "oracle",
      "goal_type": "full",
      "initial_distance_mean": 8.716024398803711,
      "max_reward": 0.34109224879377803,
      "p50_terminal_distance": 0.22212877869606018,
      "p90_terminal_distance": 1.4574613571166992,
      "p99_terminal_distance": 6.925717830657959,
      "shuffled_goal": false,
      "terminal_distance_mean": 0.7426143288612366,
      "terminal_reward": 0.3328362932833013
    },
    {
      "action_l2_mean": 0.5135168300710561,
      "action_saturation": 0.03236434165417224,
      "candidate_policy": "run28_iterative_agg_bc_prior5_ppo",
      "collector_policy": "phase_c_full_bc",
      "decisions": 516,
      "distance_reduction_mean": 3.6734864711761475,
      "fraction_improved_from_start": 0.7577519379844961,
      "goal_reach_rate_eps": 0.0,
      "goal_source": "oracle",
      "goal_type": "full",
      "initial_distance_mean": 8.496597290039062,
      "max_reward": 0.28937127183068745,
      "p50_terminal_distance": 2.8542933464050293,
      "p90_terminal_distance": 11.287521362304688,
      "p99_terminal_distance": 28.910289764404297,
      "shuffled_goal": true,
      "terminal_distance_mean": 4.823110580444336,
      "terminal_reward": 0.2622040138298342
    },
    {
      "action_l2_mean": 0.5270571956960107,
      "action_saturation": 0.07013487609135623,
      "candidate_policy": "phase_c_full_bc",
      "collector_policy": "run28_iterative_agg_bc_prior5_ppo",
      "decisions": 519,
      "distance_reduction_mean": 5.188303470611572,
      "fraction_improved_from_start": 0.7456647398843931,
      "goal_reach_rate_eps": 0.0,
      "goal_source": "oracle",
      "goal_type": "full",
      "initial_distance_mean": 7.566318988800049,
      "max_reward": 0.3011704884139329,
      "p50_terminal_distance": 0.31349629163742065,
      "p90_terminal_distance": 5.622303485870361,
      "p99_terminal_distance": 32.88258743286133,
      "shuffled_goal": false,
      "terminal_distance_mean": 2.3780157566070557,
      "terminal_reward": 0.29520663891798726
    },
    {
      "action_l2_mean": 0.6293951899444896,
      "action_saturation": 0.0724470147392883,
      "candidate_policy": "phase_c_full_bc",
      "collector_policy": "run28_iterative_agg_bc_prior5_ppo",
      "decisions": 519,
      "distance_reduction_mean": -1.3403619527816772,
      "fraction_improved_from_start": 0.4277456647398844,
      "goal_reach_rate_eps": 0.0,
      "goal_source": "oracle",
      "goal_type": "full",
      "initial_distance_mean": 8.834162712097168,
      "max_reward": 0.27505100668840443,
      "p50_terminal_distance": 7.740728855133057,