{
  "decisions_per_collector": 512,
  "goal_source": "oracle",
  "goal_type": "full",
  "held_goal_semantics": "fixed_target_recomputed_features",
  "rows": [
    {
      "action_l2_mean": 0.5442536574288269,
      "action_saturation": 0.07950664290440829,
      "candidate_policy": "phase_c_full_bc",
      "collector_policy": "phase_c_full_bc",
      "decisions": 527,
      "distance_reduction_mean": 7.933095455169678,
      "fraction_improved_from_start": 0.8823529411764706,
      "goal_reach_rate_eps": 0.007590132827324478,
      "goal_source": "oracle",
      "goal_type": "full",
      "initial_distance_mean": 8.895276069641113,
      "max_reward": 0.3485682615427127,
      "p50_terminal_distance": 0.16762521862983704,
      "p90_terminal_distance": 1.8046722412109375,
      "p99_terminal_distance": 12.327967643737793,
      "shuffled_goal": false,
      "terminal_distance_mean": 0.9621811509132385,
      "terminal_reward": 0.3383982894055022
    },
    {
      "action_l2_mean": 0.6232546841623209,
      "action_saturation": 0.07571157630695564,
      "candidate_policy": "phase_c_full_bc",
      "collector_policy": "phase_c_full_bc",
      "decisions": 527,
      "distance_reduction_mean": 0.07133617252111435,
      "fraction_improved_from_start": 0.5161290322580645,
      "goal_reach_rate_eps": 0.0,
      "goal_source": "oracle",
      "goal_type": "full",
      "initial_distance_mean": 8.628782272338867,
      "max_reward": 0.30360428728446,
      "p50_terminal_distance": 5.588840007781982,
      "p90_terminal_distance": 19.67247772216797,
      "p99_terminal_distance": 47.01599884033203,
      "shuffled_goal": true,
      "terminal_distance_mean": 8.557445526123047,
      "terminal_reward": 0.2715976050183658
    },
    {
      "action_l2_mean": 0.5012196365079402,
      "action_saturation": 0.05275142417630389,
      "candidate_policy": "run28_iterative_agg_bc_prior5_ppo",
      "collector_policy": "phase_c_full_bc",
      "decisions": 527,
      "distance_reduction_mean": 8.042438507080078,
      "fraction_improved_from_start": 0.9070208728652751,
      "goal_reach_rate_eps": 0.0,
      "goal_source": "oracle",
      "goal_type": "full",
      "initial_distance_mean": 8.895276069641113,
      "max_reward": 0.341313566984273,
      "p50_terminal_distance": 0.24104903638362885,
      "p90_terminal_distance": 1.6351324319839478,
      "p99_terminal_distance": 8.024888038635254,
      "shuffled_goal": false,
      "terminal_distance_mean": 0.8528367877006531,
      "terminal_reward": 0.3332422531900867
    },
    {
      "action_l2_mean": 0.5348782614368303,
      "action_saturation": 0.03491461156837402,
      "candidate_policy": "run28_iterative_agg_bc_prior5_ppo",
      "collector_policy": "phase_c_full_bc",
      "decisions": 527,
      "distance_reduction_mean": 3.702878952026367,
      "fraction_improved_from_start": 0.7571157495256167,
      "goal_reach_rate_eps": 0.0,
      "goal_source": "oracle",
      "goal_type": "full",
      "initial_distance_mean": 8.628782272338867,
      "max_reward": 0.2985639981748766,
      "p50_terminal_distance": 2.8127176761627197,
      "p90_terminal_distance": 11.276346206665039,
      "p99_terminal_distance": 29.02949333190918,
      "shuffled_goal": true,
      "terminal_distance_mean": 4.925902843475342,
      "terminal_reward": 0.2659979672886898
    },
    {
      "action_l2_mean": 0.48667647754614446,
      "action_saturation": 0.04990512429536859,
      "candidate_policy": "run29_iterative_agg2_bc_prior5_ppo",
      "collector_policy": "phase_c_full_bc",
      "decisions": 527,
      "distance_reduction_mean": 8.171928405761719,
      "fraction_improved_from_start": 0.952561669829222,
      "goal_reach_rate_eps": 0.017077798861480076,
      "goal_source": "oracle",
      "goal_type": "full",
      "initial_distance_mean": 8.895276069641113,
      "max_reward": 0.33928732394436956,
      "p50_terminal_distance": 0.22410185635089874,
      "p90_terminal_distance": 1.4255317449569702,
      "p99_terminal_distance": 7.590034008026123,
      "shuffled_goal": false,
      "terminal_distance_mean": 0.723347008228302,
      "terminal_reward": 0.31096348250231776
    },
    {
      "action_l2_mean": 0.5243990266275022,
      "action_saturation": 0.03168880506869285,
      "candidate_policy": "run29_iterative_agg2_bc_prior5_ppo",
      "collector_policy": "phase_c_full_bc",
      "decisions": 527,
      "distance_reduction_mean": 3.788705348968506,
      "fraction_improved_from_start": 0.7741935483870968,
      "goal_reach_rate_eps": 0.0,
      "goal_source": "oracle",
      "goal_type": "full",
      "initial_distance_mean": 8.628782272338867,
      "max_reward": 0.30138485661691916,
      "p50_terminal_distance": 2.721658706665039,
      "p90_terminal_distance": 11.39515495300293,
      "p99_terminal_distance": 28.91305160522461,
      "shuffled_goal": true,
      "terminal_distance_mean": 4.840076446533203,
      "terminal_reward": 0.2655201691292947
    },
    {
      "action_l2_mean": 0.5270357798962366,
      "action_saturation": 0.06914285852795556,
      "candidate_policy": "phase_c_full_bc",
      "collector_policy": "run29_iterative_agg2_bc_prior5_ppo",
      "decisions": 525,
      "distance_reduction_mean": 5.324028968811035,
      "fraction_improved_from_start": 0.7390476190476191,
      "goal_reach_rate_eps": 0.0019047619047619048,
      "goal_source": "oracle",
      "goal_type": "full",
      "initial_distance_mean": 8.096111297607422,
      "max_reward": 0.29038110638658204,
      "p50_terminal_distance": 0.5745158791542053,
      "p90_terminal_distance": 5.287961006164551,
      "p99_terminal_distance": 40.254207611083984,
      "shuffled_goal": false,
      "terminal_distance_mean": 2.772082567214966,
      "terminal_reward": 0.28182729514581817
    },
    {
      "action_l2_mean": 0.6443168529158547,
      "action_saturation": 0.07333333472410838,
      "candidate_policy": "phase_c_full_bc",
      "collector_policy": "run29_iterative_agg2_bc_prior5_ppo",
      "decisions": 525,
      "distance_reduction_mean": -2.9274144172668457,
      "fraction_improved_from_start": 0.37142857142857144,
      "goal_reach_rate_eps": 0.0,
      "goal_source": "oracle",
      "goal_type": "full",
      "initial_distance_mean": 9.13346004486084,
      "max_reward": 0.2602483703728233,
      "p50_terminal_distance": 8.229622840881348,
      "p90_terminal_distance": 22.693668365478516,
      "p99_terminal_distance": 70.89322662353516,
      "shuffled_goal": true,
      "terminal_distance_mean": 12.060873985290527,
      "terminal_reward": 0.2372854852250644
    },
    {
      "action_l2_mean": 0.45676377047385486,
      "action_saturation": 0.040190476917085195,
      "candidate_policy": "run28_iterative_agg_bc_prior5_ppo",
      "collector_policy": "run29_iterative_agg2_bc_prior5_ppo",
      "decisions": 525,
      "distance_reduction_mean": 6.537598609924316,
      "fraction_improved_from_start": 0.8419047619047619,
      "goal_reach_rate_eps": 0.0,
      "goal_source": "oracle",
      "goal_type": "full",
      "initial_distance_mean": 8.096111297607422,
      "max_reward": 0.2788588029678379,
      "p50_terminal_distance": 0.5494107604026794,
      "p90_terminal_distance": 2.7619338035583496,
      "p99_terminal_distance": 18.388845443725586,
      "shuffled_goal": false,
      "terminal_distance_mean": 1.558512568473816,
      "terminal_reward": 0.27257233369563305
    },
    {
      "action_l2_mean": 0.535819803022203,
      "action_saturation": 0.025523810003484998,
      "candidate_policy": "run28_iterative_agg_bc_prior5_ppo",
      "collector_policy": "run29_iterative_agg2_bc_prior5_ppo",
      "decisions": 525,
      "distance_reduction_mean": 2.7932238578796387,
      "fraction_improved_from_start": 0.6857142857142857,
      "goal_reach_rate_eps": 0.0,
      "goal_source": "oracle",
      "goal_type": "full",
      "initial_distance_mean": 9.13346004486084,