{
  "decisions_per_collector": 512,
  "goal_source": "oracle",
  "goal_type": "full",
  "held_goal_semantics": "fixed_target_recomputed_features",
  "rows": [
    {
      "action_l2_mean": 0.5211126709306367,
      "action_saturation": 0.07228682310024435,
      "candidate_policy": "phase_c_full_bc",
      "collector_policy": "phase_c_full_bc",
      "decisions": 516,
      "distance_reduction_mean": 7.873285293579102,
      "fraction_improved_from_start": 0.8643410852713178,
      "goal_reach_rate_eps": 0.001937984496124031,
      "goal_source": "oracle",
      "goal_type": "full",
      "initial_distance_mean": 8.779004096984863,
      "max_reward": 0.35704382097117543,
      "p50_terminal_distance": 0.16087336838245392,
      "p90_terminal_distance": 1.8721387386322021,
      "p99_terminal_distance": 11.137479782104492,
      "shuffled_goal": false,
      "terminal_distance_mean": 0.9057196974754333,
      "terminal_reward": 0.3428341496353175
    },
    {
      "action_l2_mean": 0.6046651989264891,
      "action_saturation": 0.07248062137947527,
      "candidate_policy": "phase_c_full_bc",
      "collector_policy": "phase_c_full_bc",
      "decisions": 516,
      "distance_reduction_mean": 0.17618443071842194,
      "fraction_improved_from_start": 0.5174418604651163,
      "goal_reach_rate_eps": 0.0,
      "goal_source": "oracle",
      "goal_type": "full",
      "initial_distance_mean": 8.582720756530762,
      "max_reward": 0.31184736943565483,
      "p50_terminal_distance": 5.299748420715332,
      "p90_terminal_distance": 19.565092086791992,
      "p99_terminal_distance": 47.88750076293945,
      "shuffled_goal": true,
      "terminal_distance_mean": 8.406537055969238,
      "terminal_reward": 0.27169304203545286
    },
    {
      "action_l2_mean": 0.4039954598198912,
      "action_saturation": 0.003294573692503826,
      "candidate_policy": "run22_long_full_ppo",
      "collector_policy": "phase_c_full_bc",
      "decisions": 516,
      "distance_reduction_mean": 7.971548080444336,
      "fraction_improved_from_start": 0.9554263565891473,
      "goal_reach_rate_eps": 0.009689922480620155,
      "goal_source": "oracle",
      "goal_type": "full",
      "initial_distance_mean": 8.779004096984863,
      "max_reward": 0.30971801923154746,
      "p50_terminal_distance": 0.17517681419849396,
      "p90_terminal_distance": 2.1652450561523438,
      "p99_terminal_distance": 5.301220417022705,
      "shuffled_goal": false,
      "terminal_distance_mean": 0.8074566721916199,
      "terminal_reward": 0.2988857121907117
    },
    {
      "action_l2_mean": 0.43348639415100565,
      "action_saturation": 0.002131782991941585,
      "candidate_policy": "run22_long_full_ppo",
      "collector_policy": "phase_c_full_bc",
      "decisions": 516,
      "distance_reduction_mean": 5.7282280921936035,
      "fraction_improved_from_start": 0.9457364341085271,
      "goal_reach_rate_eps": 0.0,
      "goal_source": "oracle",
      "goal_type": "full",
      "initial_distance_mean": 8.582720756530762,
      "max_reward": 0.29326841795398284,
      "p50_terminal_distance": 1.753931999206543,
      "p90_terminal_distance": 6.442112445831299,
      "p99_terminal_distance": 17.218015670776367,
      "shuffled_goal": true,
      "terminal_distance_mean": 2.8544931411743164,
      "terminal_reward": 0.2587564729024158
    },
    {
      "action_l2_mean": 0.4160877283835827,
      "action_saturation": 0.007364341238325881,
      "candidate_policy": "run24_oracle_reset_mixture_ppo",
      "collector_policy": "phase_c_full_bc",
      "decisions": 516,
      "distance_reduction_mean": 7.880442142486572,
      "fraction_improved_from_start": 0.9418604651162791,
      "goal_reach_rate_eps": 0.0,
      "goal_source": "oracle",
      "goal_type": "full",
      "initial_distance_mean": 8.779004096984863,
      "max_reward": 0.3185657787230588,
      "p50_terminal_distance": 0.18600931763648987,
      "p90_terminal_distance": 2.3410844802856445,
      "p99_terminal_distance": 6.189757347106934,
      "shuffled_goal": false,
      "terminal_distance_mean": 0.8985623121261597,
      "terminal_reward": 0.28768597411843694
    },
    {
      "action_l2_mean": 0.4384723718155378,
      "action_saturation": 0.011046511806951936,
      "candidate_policy": "run24_oracle_reset_mixture_ppo",
      "collector_policy": "phase_c_full_bc",
      "decisions": 516,
      "distance_reduction_mean": 5.586629390716553,
      "fraction_improved_from_start": 0.9302325581395349,
      "goal_reach_rate_eps": 0.0,
      "goal_source": "oracle",
      "goal_type": "full",
      "initial_distance_mean": 8.582720756530762,
      "max_reward": 0.2974526096972846,
      "p50_terminal_distance": 1.7266358137130737,
      "p90_terminal_distance": 6.484231472015381,
      "p99_terminal_distance": 15.130926132202148,
      "shuffled_goal": true,
      "terminal_distance_mean": 2.996091604232788,
      "terminal_reward": 0.2568773442171803
    },
    {
      "action_l2_mean": 0.7281458535726415,
      "action_saturation": 0.12968750232539605,
      "candidate_policy": "phase_c_full_bc",
      "collector_policy": "run24_oracle_reset_mixture_ppo",
      "decisions": 512,
      "distance_reduction_mean": 3.3716812133789062,
      "fraction_improved_from_start": 0.623046875,
      "goal_reach_rate_eps": 0.001953125,
      "goal_source": "oracle",
      "goal_type": "full",
      "initial_distance_mean": 8.122211456298828,
      "max_reward": 0.1738474688017959,
      "p50_terminal_distance": 1.673267126083374,
      "p90_terminal_distance": 11.1947660446167,
      "p99_terminal_distance": 38.37731170654297,
      "shuffled_goal": false,
      "terminal_distance_mean": 4.75053071975708,
      "terminal_reward": 0.1632596480585562
    },
    {
      "action_l2_mean": 0.8084492676425725,
      "action_saturation": 0.14511718986614142,
      "candidate_policy": "phase_c_full_bc",
      "collector_policy": "run24_oracle_reset_mixture_ppo",
      "decisions": 512,
      "distance_reduction_mean": -3.654879093170166,
      "fraction_improved_from_start": 0.40234375,
      "goal_reach_rate_eps": 0.0,
      "goal_source": "oracle",
      "goal_type": "full",
      "initial_distance_mean": 10.787027359008789,
      "max_reward": 0.16476006044103997,
      "p50_terminal_distance": 9.813570022583008,
      "p90_terminal_distance": 22.560150146484375,
      "p99_terminal_distance": 68.34589385986328,
      "shuffled_goal": true,
      "terminal_distance_mean": 14.441905975341797,
      "terminal_reward": 0.1480495117434657
    },
    {
      "action_l2_mean": 0.3864019239335903,
      "action_saturation": 0.0003906250058207661,
      "candidate_policy": "run22_long_full_ppo",
      "collector_policy": "run24_oracle_reset_mixture_ppo",
      "decisions": 512,
      "distance_reduction_mean": 5.679531097412109,
      "fraction_improved_from_start": 0.8671875,
      "goal_reach_rate_eps": 0.001953125,
      "goal_source": "oracle",
      "goal_type": "full",
      "initial_distance_mean": 8.122211456298828,
      "max_reward": 0.1646797522153065,
      "p50_terminal_distance": 1.282002329826355,
      "p90_terminal_distance": 4.102317810058594,
      "p99_terminal_distance": 14.889449119567871,
      "shuffled_goal": false,
      "terminal_distance_mean": 2.442680835723877,
      "terminal_reward": 0.15956725898104196
    },
    {
      "action_l2_mean": 0.46671261996380053,
      "action_saturation": 0.002343750064028427,
      "candidate_policy": "run22_long_full_ppo",
      "collector_policy": "run24_oracle_reset_mixture_ppo",
      "decisions": 512,
      "distance_reduction_mean": 5.150572776794434,
      "fraction_improved_from_start": 0.9140625,
      "goal_reach_rate_eps": 0.0,
      "goal_source": "oracle",
      "goal_type": "full",
      "initial_distance_mean": 10.787027359008789,
      "max_reward": 0.15827597852876352,
      "p50_terminal_distance": 4.486010551452637,
      "p90_terminal_distance": 9.950615882873535,