{
  "decisions_per_collector": 512,
  "goal_source": "oracle",
  "goal_type": "full",
  "held_goal_semantics": "fixed_target_recomputed_features",
  "rows": [
    {
      "action_l2_mean": 0.5250666624163849,
      "action_saturation": 0.07212475772954335,
      "candidate_policy": "phase_c_full_bc",
      "collector_policy": "phase_c_full_bc",
      "decisions": 513,
      "distance_reduction_mean": 7.857321739196777,
      "fraction_improved_from_start": 0.8732943469785575,
      "goal_reach_rate_eps": 0.007797270955165692,
      "goal_source": "oracle",
      "goal_type": "full",
      "initial_distance_mean": 8.770914077758789,
      "max_reward": 0.35209775723328135,
      "p50_terminal_distance": 0.157917320728302,
      "p90_terminal_distance": 1.7506214380264282,
      "p99_terminal_distance": 11.153656005859375,
      "shuffled_goal": false,
      "terminal_distance_mean": 0.9135922193527222,
      "terminal_reward": 0.33653347685816926
    },
    {
      "action_l2_mean": 0.6109354126232641,
      "action_saturation": 0.07251462116692266,
      "candidate_policy": "phase_c_full_bc",
      "collector_policy": "phase_c_full_bc",
      "decisions": 513,
      "distance_reduction_mean": 0.18430852890014648,
      "fraction_improved_from_start": 0.543859649122807,
      "goal_reach_rate_eps": 0.0,
      "goal_source": "oracle",
      "goal_type": "full",
      "initial_distance_mean": 8.775851249694824,
      "max_reward": 0.30311523438531174,
      "p50_terminal_distance": 5.382836818695068,
      "p90_terminal_distance": 19.57740020751953,
      "p99_terminal_distance": 49.1663818359375,
      "shuffled_goal": true,
      "terminal_distance_mean": 8.59154224395752,
      "terminal_reward": 0.2688293476892203
    },
    {
      "action_l2_mean": 0.46913167650922116,
      "action_saturation": 0.04561403586908623,
      "candidate_policy": "run29_iterative_agg2_bc_prior5_ppo",
      "collector_policy": "phase_c_full_bc",
      "decisions": 513,
      "distance_reduction_mean": 8.120301246643066,
      "fraction_improved_from_start": 0.9415204678362573,
      "goal_reach_rate_eps": 0.015594541910331383,
      "goal_source": "oracle",
      "goal_type": "full",
      "initial_distance_mean": 8.770914077758789,
      "max_reward": 0.3260025434617178,
      "p50_terminal_distance": 0.20120729506015778,
      "p90_terminal_distance": 1.3599776029586792,
      "p99_terminal_distance": 7.509547233581543,
      "shuffled_goal": false,
      "terminal_distance_mean": 0.6506133675575256,
      "terminal_reward": 0.2969209846385099
    },
    {
      "action_l2_mean": 0.5115021526755413,
      "action_saturation": 0.030604289013158974,
      "candidate_policy": "run29_iterative_agg2_bc_prior5_ppo",
      "collector_policy": "phase_c_full_bc",
      "decisions": 513,
      "distance_reduction_mean": 3.9056665897369385,
      "fraction_improved_from_start": 0.7680311890838206,
      "goal_reach_rate_eps": 0.0,
      "goal_source": "oracle",
      "goal_type": "full",
      "initial_distance_mean": 8.775851249694824,
      "max_reward": 0.2887692830105971,
      "p50_terminal_distance": 2.7484986782073975,
      "p90_terminal_distance": 11.894097328186035,
      "p99_terminal_distance": 28.412494659423828,
      "shuffled_goal": true,
      "terminal_distance_mean": 4.870183944702148,
      "terminal_reward": 0.25996687938595375
    },
    {
      "action_l2_mean": 0.5197437807924856,
      "action_saturation": 0.07212475733740753,
      "candidate_policy": "run30_residual_bc_ppo",
      "collector_policy": "phase_c_full_bc",
      "decisions": 513,
      "distance_reduction_mean": 7.6904191970825195,
      "fraction_improved_from_start": 0.8771929824561403,
      "goal_reach_rate_eps": 0.009746588693957114,
      "goal_source": "oracle",
      "goal_type": "full",
      "initial_distance_mean": 8.770914077758789,
      "max_reward": 0.354490377909375,
      "p50_terminal_distance": 0.1779712736606598,
      "p90_terminal_distance": 2.0009047985076904,
      "p99_terminal_distance": 13.740097045898438,
      "shuffled_goal": false,
      "terminal_distance_mean": 1.0804953575134277,
      "terminal_reward": 0.3389921914604556
    },
    {
      "action_l2_mean": 0.6071630315982226,
      "action_saturation": 0.06608187263472039,
      "candidate_policy": "run30_residual_bc_ppo",
      "collector_policy": "phase_c_full_bc",
      "decisions": 513,
      "distance_reduction_mean": 0.3906700611114502,
      "fraction_improved_from_start": 0.5614035087719298,
      "goal_reach_rate_eps": 0.0,
      "goal_source": "oracle",
      "goal_type": "full",
      "initial_distance_mean": 8.775851249694824,
      "max_reward": 0.3108797537101175,
      "p50_terminal_distance": 5.560272216796875,
      "p90_terminal_distance": 19.37386703491211,
      "p99_terminal_distance": 44.34291458129883,
      "shuffled_goal": true,
      "terminal_distance_mean": 8.385180473327637,
      "terminal_reward": 0.2686723763119524
    },
    {
      "action_l2_mean": 0.5137339951143076,
      "action_saturation": 0.07714843904250301,
      "candidate_policy": "phase_c_full_bc",
      "collector_policy": "run30_residual_bc_ppo",
      "decisions": 512,
      "distance_reduction_mean": 8.076045989990234,
      "fraction_improved_from_start": 0.828125,
      "goal_reach_rate_eps": 0.005859375,
      "goal_source": "oracle",
      "goal_type": "full",
      "initial_distance_mean": 9.322093963623047,
      "max_reward": 0.34120066021569073,
      "p50_terminal_distance": 0.20364275574684143,
      "p90_terminal_distance": 2.3291475772857666,
      "p99_terminal_distance": 12.593218803405762,
      "shuffled_goal": false,
      "terminal_distance_mean": 1.246048927307129,
      "terminal_reward": 0.3254504159849603
    },
    {
      "action_l2_mean": 0.6193940804078011,
      "action_saturation": 0.07343750134168658,
      "candidate_policy": "phase_c_full_bc",
      "collector_policy": "run30_residual_bc_ppo",
      "decisions": 512,
      "distance_reduction_mean": -0.1790218949317932,
      "fraction_improved_from_start": 0.431640625,
      "goal_reach_rate_eps": 0.0,
      "goal_source": "oracle",
      "goal_type": "full",
      "initial_distance_mean": 9.930625915527344,
      "max_reward": 0.3056222827763122,
      "p50_terminal_distance": 6.955678939819336,
      "p90_terminal_distance": 19.961633682250977,
      "p99_terminal_distance": 61.320098876953125,
      "shuffled_goal": true,
      "terminal_distance_mean": 10.109647750854492,
      "terminal_reward": 0.26301540144413593
    },
    {
      "action_l2_mean": 0.45617519607549184,
      "action_saturation": 0.04863281325378921,
      "candidate_policy": "run29_iterative_agg2_bc_prior5_ppo",
      "collector_policy": "run30_residual_bc_ppo",
      "decisions": 512,
      "distance_reduction_mean": 8.355052947998047,
      "fraction_improved_from_start": 0.91796875,
      "goal_reach_rate_eps": 0.00390625,
      "goal_source": "oracle",
      "goal_type": "full",
      "initial_distance_mean": 9.322093963623047,
      "max_reward": 0.3151928965453408,
      "p50_terminal_distance": 0.20881670713424683,
      "p90_terminal_distance": 1.6342792510986328,
      "p99_terminal_distance": 18.60511016845703,
      "shuffled_goal": false,
      "terminal_distance_mean": 0.9670426845550537,
      "terminal_reward": 0.2935719962224539
    },
    {
      "action_l2_mean": 0.5075204921158729,
      "action_saturation": 0.031445313041331246,
      "candidate_policy": "run29_iterative_agg2_bc_prior5_ppo",
      "collector_policy": "run30_residual_bc_ppo",
      "decisions": 512,
      "distance_reduction_mean": 4.586503028869629,
      "fraction_improved_from_start": 0.724609375,
      "goal_reach_rate_eps": 0.0,
      "goal_source": "oracle",
      "goal_type": "full",
      "initial_distance_mean": 9.930625915527344,
      "max_reward": 0.27929151413263753,
      "p50_terminal_distance": 3.3273110389709473,