{
  "decisions_per_collector": 512,
  "goal_source": "oracle",
  "goal_type": "full",
  "held_goal_semantics": "fixed_target_recomputed_features",
  "rows": [
    {
      "action_l2_mean": 0.5166535371257527,
      "action_saturation": 0.0718992261808048,
      "candidate_policy": "phase_c_full_bc",
      "collector_policy": "phase_c_full_bc",
      "decisions": 516,
      "distance_reduction_mean": 7.804494857788086,
      "fraction_improved_from_start": 0.8352713178294574,
      "goal_reach_rate_eps": 0.011627906976744186,
      "goal_source": "oracle",
      "goal_type": "full",
      "initial_distance_mean": 8.675025939941406,
      "max_reward": 0.35273641692257895,
      "p50_terminal_distance": 0.1613292694091797,
      "p90_terminal_distance": 1.729690432548523,
      "p99_terminal_distance": 10.888177871704102,
      "shuffled_goal": false,
      "terminal_distance_mean": 0.8705308437347412,
      "terminal_reward": 0.3359283369843119
    },
    {
      "action_l2_mean": 0.6057486654107653,
      "action_saturation": 0.07151162914585235,
      "candidate_policy": "phase_c_full_bc",
      "collector_policy": "phase_c_full_bc",
      "decisions": 516,
      "distance_reduction_mean": 0.13306626677513123,
      "fraction_improved_from_start": 0.5174418604651163,
      "goal_reach_rate_eps": 0.0,
      "goal_source": "oracle",
      "goal_type": "full",
      "initial_distance_mean": 8.676436424255371,
      "max_reward": 0.31112578213431463,
      "p50_terminal_distance": 5.48249626159668,
      "p90_terminal_distance": 19.59415054321289,
      "p99_terminal_distance": 49.16329574584961,
      "shuffled_goal": true,
      "terminal_distance_mean": 8.543370246887207,
      "terminal_reward": 0.27145122009322276
    },
    {
      "action_l2_mean": 0.5131544887644145,
      "action_saturation": 0.07131783044788727,
      "candidate_policy": "run30_residual_bc_ppo",
      "collector_policy": "phase_c_full_bc",
      "decisions": 516,
      "distance_reduction_mean": 7.710624694824219,
      "fraction_improved_from_start": 0.8507751937984496,
      "goal_reach_rate_eps": 0.01744186046511628,
      "goal_source": "oracle",
      "goal_type": "full",
      "initial_distance_mean": 8.675025939941406,
      "max_reward": 0.34865823390987494,
      "p50_terminal_distance": 0.18070586025714874,
      "p90_terminal_distance": 1.9803340435028076,
      "p99_terminal_distance": 10.51226806640625,
      "shuffled_goal": false,
      "terminal_distance_mean": 0.9644016027450562,
      "terminal_reward": 0.335719148801683
    },
    {
      "action_l2_mean": 0.6008341304755719,
      "action_saturation": 0.0647286833516618,
      "candidate_policy": "run30_residual_bc_ppo",
      "collector_policy": "phase_c_full_bc",
      "decisions": 516,
      "distance_reduction_mean": 0.18873260915279388,
      "fraction_improved_from_start": 0.5348837209302325,
      "goal_reach_rate_eps": 0.0,
      "goal_source": "oracle",
      "goal_type": "full",
      "initial_distance_mean": 8.676436424255371,
      "max_reward": 0.3173550047384676,
      "p50_terminal_distance": 5.439510345458984,
      "p90_terminal_distance": 20.042720794677734,
      "p99_terminal_distance": 51.85781478881836,
      "shuffled_goal": true,
      "terminal_distance_mean": 8.487704277038574,
      "terminal_reward": 0.2710867884330625
    },
    {
      "action_l2_mean": 0.5130405738740409,
      "action_saturation": 0.07713178408065045,
      "candidate_policy": "run32_residual_bc_penalty0_ppo",
      "collector_policy": "phase_c_full_bc",
      "decisions": 516,
      "distance_reduction_mean": 7.816997528076172,
      "fraction_improved_from_start": 0.8449612403100775,
      "goal_reach_rate_eps": 0.011627906976744186,
      "goal_source": "oracle",
      "goal_type": "full",
      "initial_distance_mean": 8.675025939941406,
      "max_reward": 0.3484296362175671,
      "p50_terminal_distance": 0.1781010925769806,
      "p90_terminal_distance": 1.8484523296356201,
      "p99_terminal_distance": 7.134209156036377,
      "shuffled_goal": false,
      "terminal_distance_mean": 0.8580281138420105,
      "terminal_reward": 0.3354339834786374
    },
    {
      "action_l2_mean": 0.6013954076915979,
      "action_saturation": 0.06744186171554317,
      "candidate_policy": "run32_residual_bc_penalty0_ppo",
      "collector_policy": "phase_c_full_bc",
      "decisions": 516,
      "distance_reduction_mean": 0.3648048937320709,
      "fraction_improved_from_start": 0.5329457364341085,
      "goal_reach_rate_eps": 0.0,
      "goal_source": "oracle",
      "goal_type": "full",
      "initial_distance_mean": 8.676436424255371,
      "max_reward": 0.31362560799330935,
      "p50_terminal_distance": 5.389350414276123,
      "p90_terminal_distance": 19.03171157836914,
      "p99_terminal_distance": 40.674800872802734,
      "shuffled_goal": true,
      "terminal_distance_mean": 8.311631202697754,
      "terminal_reward": 0.2706946035875946
    },
    {
      "action_l2_mean": 0.5393361392381945,
      "action_saturation": 0.0812865512383844,
      "candidate_policy": "phase_c_full_bc",
      "collector_policy": "run32_residual_bc_penalty0_ppo",
      "decisions": 513,
      "distance_reduction_mean": 7.841553211212158,
      "fraction_improved_from_start": 0.8518518518518519,
      "goal_reach_rate_eps": 0.003898635477582846,
      "goal_source": "oracle",
      "goal_type": "full",
      "initial_distance_mean": 9.930113792419434,
      "max_reward": 0.34183186068259486,
      "p50_terminal_distance": 0.20246607065200806,
      "p90_terminal_distance": 2.5489189624786377,
      "p99_terminal_distance": 39.1489372253418,
      "shuffled_goal": false,
      "terminal_distance_mean": 2.0885608196258545,
      "terminal_reward": 0.3281261991586021
    },
    {
      "action_l2_mean": 0.6297086842546918,
      "action_saturation": 0.07582846153200719,
      "candidate_policy": "phase_c_full_bc",
      "collector_policy": "run32_residual_bc_penalty0_ppo",
      "decisions": 513,
      "distance_reduction_mean": -1.9372332096099854,
      "fraction_improved_from_start": 0.4756335282651072,
      "goal_reach_rate_eps": 0.0,
      "goal_source": "oracle",
      "goal_type": "full",
      "initial_distance_mean": 10.485076904296875,
      "max_reward": 0.30187893392732384,
      "p50_terminal_distance": 6.340160846710205,
      "p90_terminal_distance": 22.307125091552734,
      "p99_terminal_distance": 58.42139434814453,
      "shuffled_goal": true,
      "terminal_distance_mean": 12.422309875488281,
      "terminal_reward": 0.2611240430736867
    },
    {
      "action_l2_mean": 0.5344816983276234,
      "action_saturation": 0.08128655093338986,
      "candidate_policy": "run30_residual_bc_ppo",
      "collector_policy": "run32_residual_bc_penalty0_ppo",
      "decisions": 513,
      "distance_reduction_mean": 7.604300498962402,
      "fraction_improved_from_start": 0.8576998050682261,
      "goal_reach_rate_eps": 0.003898635477582846,
      "goal_source": "oracle",
      "goal_type": "full",
      "initial_distance_mean": 9.930113792419434,
      "max_reward": 0.3271651865358938,
      "p50_terminal_distance": 0.19709321856498718,
      "p90_terminal_distance": 2.3787808418273926,
      "p99_terminal_distance": 51.79474639892578,
      "shuffled_goal": false,
      "terminal_distance_mean": 2.3258135318756104,
      "terminal_reward": 0.3135145687430981
    },
    {
      "action_l2_mean": 0.623855528470717,
      "action_saturation": 0.0715399623410976,
      "candidate_policy": "run30_residual_bc_ppo",
      "collector_policy": "run32_residual_bc_penalty0_ppo",
      "decisions": 513,
      "distance_reduction_mean": -1.391933560371399,
      "fraction_improved_from_start": 0.5087719298245614,
      "goal_reach_rate_eps": 0.0,
      "goal_source": "oracle",
      "goal_type": "full",
      "initial_distance_mean": 10.485076904296875,
      "max_reward": 0.3006883141807994,