{
  "decisions_per_collector": 512,
  "goal_source": "oracle",
  "goal_type": "full",
  "held_goal_semantics": "fixed_target_recomputed_features",
  "rows": [
    {
      "action_l2_mean": 0.5242111686508633,
      "action_saturation": 0.06990291396680387,
      "candidate_policy": "phase_c_full_bc",
      "collector_policy": "phase_c_full_bc",
      "decisions": 515,
      "distance_reduction_mean": 7.829216480255127,
      "fraction_improved_from_start": 0.8660194174757282,
      "goal_reach_rate_eps": 0.009708737864077669,
      "goal_source": "oracle",
      "goal_type": "full",
      "initial_distance_mean": 8.778166770935059,
      "max_reward": 0.34984069274901186,
      "p50_terminal_distance": 0.17411752045154572,
      "p90_terminal_distance": 1.7580114603042603,
      "p99_terminal_distance": 10.552270889282227,
      "shuffled_goal": false,
      "terminal_distance_mean": 0.9489514827728271,
      "terminal_reward": 0.3355276027640093
    },
    {
      "action_l2_mean": 0.6047993578233766,
      "action_saturation": 0.07165048659137152,
      "candidate_policy": "phase_c_full_bc",
      "collector_policy": "phase_c_full_bc",
      "decisions": 515,
      "distance_reduction_mean": 0.3309847414493561,
      "fraction_improved_from_start": 0.5106796116504855,
      "goal_reach_rate_eps": 0.003883495145631068,
      "goal_source": "oracle",
      "goal_type": "full",
      "initial_distance_mean": 8.586288452148438,
      "max_reward": 0.31378840395041463,
      "p50_terminal_distance": 5.3417181968688965,
      "p90_terminal_distance": 18.591943740844727,
      "p99_terminal_distance": 44.047245025634766,
      "shuffled_goal": true,
      "terminal_distance_mean": 8.255303382873535,
      "terminal_reward": 0.2776396981576114
    },
    {
      "action_l2_mean": 0.5193620131323928,
      "action_saturation": 0.07184466117794074,
      "candidate_policy": "run30_residual_bc_ppo",
      "collector_policy": "phase_c_full_bc",
      "decisions": 515,
      "distance_reduction_mean": 7.641036510467529,
      "fraction_improved_from_start": 0.8601941747572815,
      "goal_reach_rate_eps": 0.013592233009708738,
      "goal_source": "oracle",
      "goal_type": "full",
      "initial_distance_mean": 8.778166770935059,
      "max_reward": 0.3600413023268135,
      "p50_terminal_distance": 0.18245379626750946,
      "p90_terminal_distance": 2.0637567043304443,
      "p99_terminal_distance": 10.894522666931152,
      "shuffled_goal": false,
      "terminal_distance_mean": 1.1371314525604248,
      "terminal_reward": 0.34451970879024674
    },
    {
      "action_l2_mean": 0.599717267588215,
      "action_saturation": 0.06524271954899853,
      "candidate_policy": "run30_residual_bc_ppo",
      "collector_policy": "phase_c_full_bc",
      "decisions": 515,
      "distance_reduction_mean": 0.12584370374679565,
      "fraction_improved_from_start": 0.5087378640776699,
      "goal_reach_rate_eps": 0.0,
      "goal_source": "oracle",
      "goal_type": "full",
      "initial_distance_mean": 8.586288452148438,
      "max_reward": 0.3163404613371613,
      "p50_terminal_distance": 5.482497215270996,
      "p90_terminal_distance": 19.4127140045166,
      "p99_terminal_distance": 49.976444244384766,
      "shuffled_goal": true,
      "terminal_distance_mean": 8.460444450378418,
      "terminal_reward": 0.2783289695610699
    },
    {
      "action_l2_mean": 0.5129512136639321,
      "action_saturation": 0.06291262267284023,
      "candidate_policy": "run31_residual_bc_alpha025_ppo",
      "collector_policy": "phase_c_full_bc",
      "decisions": 515,
      "distance_reduction_mean": 7.90579891204834,
      "fraction_improved_from_start": 0.8621359223300971,
      "goal_reach_rate_eps": 0.001941747572815534,
      "goal_source": "oracle",
      "goal_type": "full",
      "initial_distance_mean": 8.778166770935059,
      "max_reward": 0.3687395108013766,
      "p50_terminal_distance": 0.18666772544384003,
      "p90_terminal_distance": 1.8267590999603271,
      "p99_terminal_distance": 10.081181526184082,
      "shuffled_goal": false,
      "terminal_distance_mean": 0.8723688125610352,
      "terminal_reward": 0.3545072904164062
    },
    {
      "action_l2_mean": 0.5931268315075092,
      "action_saturation": 0.06388349611203648,
      "candidate_policy": "run31_residual_bc_alpha025_ppo",
      "collector_policy": "phase_c_full_bc",
      "decisions": 515,
      "distance_reduction_mean": 0.5385263562202454,
      "fraction_improved_from_start": 0.5495145631067961,
      "goal_reach_rate_eps": 0.0,
      "goal_source": "oracle",
      "goal_type": "full",
      "initial_distance_mean": 8.586288452148438,
      "max_reward": 0.3184382815275667,
      "p50_terminal_distance": 5.217863082885742,
      "p90_terminal_distance": 18.52897071838379,
      "p99_terminal_distance": 42.27287292480469,
      "shuffled_goal": true,
      "terminal_distance_mean": 8.047762870788574,
      "terminal_reward": 0.2793670647027134
    },
    {
      "action_l2_mean": 0.5178696057839053,
      "action_saturation": 0.0748571442990076,
      "candidate_policy": "phase_c_full_bc",
      "collector_policy": "run31_residual_bc_alpha025_ppo",
      "decisions": 525,
      "distance_reduction_mean": 7.030534267425537,
      "fraction_improved_from_start": 0.8438095238095238,
      "goal_reach_rate_eps": 0.0038095238095238095,
      "goal_source": "oracle",
      "goal_type": "full",
      "initial_distance_mean": 8.31508731842041,
      "max_reward": 0.3343425278933275,
      "p50_terminal_distance": 0.2283400446176529,
      "p90_terminal_distance": 2.57367205619812,
      "p99_terminal_distance": 18.341794967651367,
      "shuffled_goal": false,
      "terminal_distance_mean": 1.284552812576294,
      "terminal_reward": 0.32740464726374263
    },
    {
      "action_l2_mean": 0.6057221004792622,
      "action_saturation": 0.07257142989408402,
      "candidate_policy": "phase_c_full_bc",
      "collector_policy": "run31_residual_bc_alpha025_ppo",
      "decisions": 525,
      "distance_reduction_mean": -1.0967142581939697,
      "fraction_improved_from_start": 0.44761904761904764,
      "goal_reach_rate_eps": 0.0,
      "goal_source": "oracle",
      "goal_type": "full",
      "initial_distance_mean": 8.475098609924316,
      "max_reward": 0.29302020071163065,
      "p50_terminal_distance": 6.50838565826416,
      "p90_terminal_distance": 20.35877799987793,
      "p99_terminal_distance": 50.45066833496094,
      "shuffled_goal": true,
      "terminal_distance_mean": 9.57181167602539,
      "terminal_reward": 0.25568107131336415
    },
    {
      "action_l2_mean": 0.5108354429049151,
      "action_saturation": 0.07428571533589136,
      "candidate_policy": "run30_residual_bc_ppo",
      "collector_policy": "run31_residual_bc_alpha025_ppo",
      "decisions": 525,
      "distance_reduction_mean": 6.925510883331299,
      "fraction_improved_from_start": 0.8571428571428571,
      "goal_reach_rate_eps": 0.0,
      "goal_source": "oracle",
      "goal_type": "full",
      "initial_distance_mean": 8.31508731842041,
      "max_reward": 0.3266850627745901,
      "p50_terminal_distance": 0.2423715740442276,
      "p90_terminal_distance": 2.4121968746185303,
      "p99_terminal_distance": 22.70577049255371,
      "shuffled_goal": false,
      "terminal_distance_mean": 1.3895760774612427,
      "terminal_reward": 0.3160371730583055
    },
    {
      "action_l2_mean": 0.5985281028208278,
      "action_saturation": 0.06819047723497663,
      "candidate_policy": "run30_residual_bc_ppo",
      "collector_policy": "run31_residual_bc_alpha025_ppo",
      "decisions": 525,
      "distance_reduction_mean": -0.7677257657051086,
      "fraction_improved_from_start": 0.4685714285714286,
      "goal_reach_rate_eps": 0.0,
      "goal_source": "oracle",
      "goal_type": "full",
      "initial_distance_mean": 8.475098609924316,
      "max_reward": 0.2891882231334845,