{
  "eval_refs": 1,
  "horizon": 10,
  "num_envs": 4096,
  "rows": [
    {
      "action_l2_mean": 0.8925290841137666,
      "action_saturation": 0.1890380859375,
      "distance_sq_reduction_mean": 0.06386585533618927,
      "fraction_improved_from_start": 0.99755859375,
      "goal_reach_rate_eps": 0.983154296875,
      "initial_distance_sq_mean": 0.06412428617477417,
      "local_episodes": 4096,
      "low_checkpoint": "artifacts/incremental/pre_rl/phase_c/k10/seed0/time_conditioned_tcp.pt",
      "low_policy": "bc1800",
      "p50_terminal_distance_sq": 4.4212822103872895e-05,
      "p90_terminal_distance_sq": 0.0004703751765191555,
      "p99_terminal_distance_sq": 0.003753459779545665,
      "shuffled_goal": false,
      "teacher_action_mae": 0.04519707645676192,
      "terminal_distance_sq_mean": 0.00025843275943771005,
      "terminal_tcp_error_m_mean": 0.010357217229479687
    },
    {
      "action_l2_mean": 0.8034652401818505,
      "action_saturation": 0.41123046875,
      "distance_sq_reduction_mean": 0.06360991299152374,
      "fraction_improved_from_start": 0.999755859375,
      "goal_reach_rate_eps": 0.959716796875,
      "initial_distance_sq_mean": 0.06412428617477417,
      "local_episodes": 4096,
      "low_checkpoint": "results/incremental/rl_reachability_debug/run2_privileged_tcp/privileged_tcp_ppo_progress_terminal_n4096_seed0/latest.pt",
      "low_policy": "run2_true_tcp_ppo",
      "p50_terminal_distance_sq": 0.0001470022543799132,
      "p90_terminal_distance_sq": 0.0008866144344210625,
      "p99_terminal_distance_sq": 0.00792384147644043,
      "shuffled_goal": false,
      "teacher_action_mae": 0.3465817916428591,
      "terminal_distance_sq_mean": 0.0005143681191839278,
      "terminal_tcp_error_m_mean": 0.01634196172602742
    },
    {
      "action_l2_mean": 0.7154808069916385,
      "action_saturation": 0.2788818359375,
      "distance_sq_reduction_mean": 0.06373994052410126,
      "fraction_improved_from_start": 0.999755859375,
      "goal_reach_rate_eps": 0.986083984375,
      "initial_distance_sq_mean": 0.06412428617477417,
      "local_episodes": 4096,
      "low_checkpoint": "results/incremental/rl_reachability_debug/run5_tcp_dpsi_ppo/privileged_tcp_ppo_progress_terminal_n4096_seed0/latest.pt",
      "low_policy": "run5_dpsi_ppo",
      "p50_terminal_distance_sq": 0.00020795059390366077,
      "p90_terminal_distance_sq": 0.0008451809408143163,
      "p99_terminal_distance_sq": 0.002823734888806939,
      "shuffled_goal": false,
      "teacher_action_mae": 0.3083794977617572,
      "terminal_distance_sq_mean": 0.0003843423037324101,
      "terminal_tcp_error_m_mean": 0.016355954111219262
    },
    {
      "action_l2_mean": 0.8909660501561575,
      "action_saturation": 0.166943359375,
      "distance_sq_reduction_mean": 0.05567314475774765,
      "fraction_improved_from_start": 0.93408203125,
      "goal_reach_rate_eps": 0.19775390625,
      "initial_distance_sq_mean": 0.06809057295322418,
      "local_episodes": 4096,
      "low_checkpoint": "artifacts/incremental/pre_rl/phase_c/k10/seed0/time_conditioned_tcp.pt",
      "low_policy": "bc1800",
      "p50_terminal_distance_sq": 0.008147438988089561,
      "p90_terminal_distance_sq": 0.02745005115866661,
      "p99_terminal_distance_sq": 0.07213399559259415,
      "shuffled_goal": true,
      "teacher_action_mae": 0.17468441156756284,
      "terminal_distance_sq_mean": 0.012417432852089405,
      "terminal_tcp_error_m_mean": 0.09707948973671421
    },
    {
      "action_l2_mean": 0.8071397215897832,
      "action_saturation": 0.425634765625,
      "distance_sq_reduction_mean": 0.06657933443784714,
      "fraction_improved_from_start": 0.999267578125,
      "goal_reach_rate_eps": 0.8662109375,
      "initial_distance_sq_mean": 0.06809057295322418,
      "local_episodes": 4096,
      "low_checkpoint": "results/incremental/rl_reachability_debug/run2_privileged_tcp/privileged_tcp_ppo_progress_terminal_n4096_seed0/latest.pt",
      "low_policy": "run2_true_tcp_ppo",
      "p50_terminal_distance_sq": 0.0002013856719713658,
      "p90_terminal_distance_sq": 0.003637935733422637,
      "p99_terminal_distance_sq": 0.021501585841178894,
      "shuffled_goal": true,
      "teacher_action_mae": 0.4996739273643243,
      "terminal_distance_sq_mean": 0.0015112458495423198,
      "terminal_tcp_error_m_mean": 0.02527384081853512
    },
    {
      "action_l2_mean": 0.7106855295177752,
      "action_saturation": 0.275,
      "distance_sq_reduction_mean": 0.06674446165561676,
      "fraction_improved_from_start": 0.999755859375,
      "goal_reach_rate_eps": 0.869873046875,
      "initial_distance_sq_mean": 0.06809057295322418,
      "local_episodes": 4096,
      "low_checkpoint": "results/incremental/rl_reachability_debug/run5_tcp_dpsi_ppo/privileged_tcp_ppo_progress_terminal_n4096_seed0/latest.pt",
      "low_policy": "run5_dpsi_ppo",
      "p50_terminal_distance_sq": 0.00022651159088127315,
      "p90_terminal_distance_sq": 0.0033813805785030127,
      "p99_terminal_distance_sq": 0.017466071993112564,
      "shuffled_goal": true,
      "teacher_action_mae": 0.4474466739799027,
      "terminal_distance_sq_mean": 0.0013461188646033406,
      "terminal_tcp_error_m_mean": 0.024794350337607796
    }
  ],
  "run": "rl_reachability_debug_local_low_policy_compare",
  "success_epsilon": 0.0025
}