{
  "candidate_policies": [
    "bc1800",
    "run2_true_tcp_ppo",
    "run5_dpsi_ppo"
  ],
  "collector_policies": [
    "bc1800",
    "run5_dpsi_ppo"
  ],
  "decisions_requested_per_collector": 200,
  "high_checkpoint": "artifacts/incremental/pre_rl/phase_f/privileged_tcp/seed0/predictor.pt",
  "num_envs": 10,
  "rows": [
    {
      "action_l2_mean": 0.5259472155807222,
      "action_saturation": 0.08390244020194543,
      "candidate_policy": "bc1800",
      "collector_policy": "bc1800",
      "decisions": 205,
      "distance_sq_reduction_mean": 0.02768641710281372,
      "fraction_improved_from_start": 0.9170731707317074,
      "goal_reach_rate_eps": 0.9560975609756097,
      "initial_distance_sq_mean": 0.028679106384515762,
      "max_reward": 0.29775103217944865,
      "p50_terminal_distance_sq": 0.00011888865992659703,
      "p90_terminal_distance_sq": 0.0008722743950784206,
      "p99_terminal_distance_sq": 0.01955544762313366,
      "shuffled_goal": false,
      "terminal_distance_sq_mean": 0.0009926898637786508,
      "terminal_reward": 0.2767455883869311,
      "terminal_tcp_error_m_mean": 0.018416857940326558
    },
    {
      "action_l2_mean": 0.5383979544770426,
      "action_saturation": 0.07951219656118533,
      "candidate_policy": "bc1800",
      "collector_policy": "bc1800",
      "decisions": 205,
      "distance_sq_reduction_mean": 0.025682328268885612,
      "fraction_improved_from_start": 0.9121951219512195,
      "goal_reach_rate_eps": 0.5609756097560976,
      "initial_distance_sq_mean": 0.034703392535448074,
      "max_reward": 0.2804525972684709,
      "p50_terminal_distance_sq": 0.0015863428125157952,
      "p90_terminal_distance_sq": 0.017528826370835304,
      "p99_terminal_distance_sq": 0.08748514950275421,
      "shuffled_goal": true,
      "terminal_distance_sq_mean": 0.009021067060530186,
      "terminal_reward": 0.27059558916200954,
      "terminal_tcp_error_m_mean": 0.06442889886703797
    },
    {
      "action_l2_mean": 0.6706326402542068,
      "action_saturation": 0.17804878292287268,
      "candidate_policy": "run2_true_tcp_ppo",
      "collector_policy": "bc1800",
      "decisions": 205,
      "distance_sq_reduction_mean": 0.028173577040433884,
      "fraction_improved_from_start": 0.9658536585365853,
      "goal_reach_rate_eps": 0.9365853658536586,
      "initial_distance_sq_mean": 0.028679106384515762,
      "max_reward": 0.29344508269938024,
      "p50_terminal_distance_sq": 0.00011049667955376208,
      "p90_terminal_distance_sq": 0.0018743217224255204,
      "p99_terminal_distance_sq": 0.004045435693114996,
      "shuffled_goal": false,
      "terminal_distance_sq_mean": 0.0005055285291746259,
      "terminal_reward": 0.2794414765587667,
      "terminal_tcp_error_m_mean": 0.016471649530320997
    },
    {
      "action_l2_mean": 0.6869820411612347,
      "action_saturation": 0.22878049059611996,
      "candidate_policy": "run2_true_tcp_ppo",
      "collector_policy": "bc1800",
      "decisions": 205,
      "distance_sq_reduction_mean": 0.03285403922200203,
      "fraction_improved_from_start": 1.0,
      "goal_reach_rate_eps": 0.8780487804878049,
      "initial_distance_sq_mean": 0.034703392535448074,
      "max_reward": 0.2715857432564584,
      "p50_terminal_distance_sq": 0.00013701419811695814,
      "p90_terminal_distance_sq": 0.0029528106097131968,
      "p99_terminal_distance_sq": 0.04640266299247742,
      "shuffled_goal": true,
      "terminal_distance_sq_mean": 0.001849353895522654,
      "terminal_reward": 0.2468726131247311,
      "terminal_tcp_error_m_mean": 0.023893821177004677
    },
    {
      "action_l2_mean": 0.452810642813764,
      "action_saturation": 0.08780487942986372,
      "candidate_policy": "run5_dpsi_ppo",
      "collector_policy": "bc1800",
      "decisions": 205,
      "distance_sq_reduction_mean": 0.02829933539032936,
      "fraction_improved_from_start": 0.9707317073170731,
      "goal_reach_rate_eps": 0.975609756097561,
      "initial_distance_sq_mean": 0.028679106384515762,
      "max_reward": 0.27947313483895325,
      "p50_terminal_distance_sq": 8.534772496204823e-05,
      "p90_terminal_distance_sq": 0.0007683419389650226,
      "p99_terminal_distance_sq": 0.0035358951427042484,
      "shuffled_goal": false,
      "terminal_distance_sq_mean": 0.00037976898602209985,
      "terminal_reward": 0.2680002265768807,
      "terminal_tcp_error_m_mean": 0.014430805470328777
    },
    {
      "action_l2_mean": 0.518759958845813,
      "action_saturation": 0.12146341677119092,
      "candidate_policy": "run5_dpsi_ppo",
      "collector_policy": "bc1800",
      "decisions": 205,
      "distance_sq_reduction_mean": 0.03396449610590935,
      "fraction_improved_from_start": 1.0,
      "goal_reach_rate_eps": 0.9170731707317074,
      "initial_distance_sq_mean": 0.034703392535448074,
      "max_reward": 0.26879425250538963,
      "p50_terminal_distance_sq": 0.00013783079339191318,
      "p90_terminal_distance_sq": 0.0017977753886952996,
      "p99_terminal_distance_sq": 0.007495140191167593,
      "shuffled_goal": true,
      "terminal_distance_sq_mean": 0.0007388991070911288,
      "terminal_reward": 0.2432049543846671,
      "terminal_tcp_error_m_mean": 0.01887411425548901
    },
    {
      "action_l2_mean": 0.7201812084764242,
      "action_saturation": 0.1305000017210841,
      "candidate_policy": "bc1800",
      "collector_policy": "run5_dpsi_ppo",
      "decisions": 200,
      "distance_sq_reduction_mean": 0.011238295584917068,
      "fraction_improved_from_start": 0.585,
      "goal_reach_rate_eps": 0.48,
      "initial_distance_sq_mean": 0.020747719332575798,
      "max_reward": 0.16140355726704,
      "p50_terminal_distance_sq": 0.002871620934456587,
      "p90_terminal_distance_sq": 0.022389844059944153,
      "p99_terminal_distance_sq": 0.08026561886072159,
      "shuffled_goal": false,
      "terminal_distance_sq_mean": 0.00950942374765873,
      "terminal_reward": 0.15332570317201316,
      "terminal_tcp_error_m_mean": 0.0726454830437433
    },
    {
      "action_l2_mean": 0.7271213252469897,
      "action_saturation": 0.13150000147521496,
      "candidate_policy": "bc1800",
      "collector_policy": "run5_dpsi_ppo",
      "decisions": 200,
      "distance_sq_reduction_mean": 0.016368890181183815,
      "fraction_improved_from_start": 0.64,
      "goal_reach_rate_eps": 0.25,
      "initial_distance_sq_mean": 0.03590057045221329,
      "max_reward": 0.15863225916400553,
      "p50_terminal_distance_sq": 0.008056022226810455,
      "p90_terminal_distance_sq": 0.04072154313325882,
      "p99_terminal_distance_sq": 0.21613982319831848,
      "shuffled_goal": true,
      "terminal_distance_sq_mean": 0.01953168213367462,
      "terminal_reward": 0.14948549932800234,
      "terminal_tcp_error_m_mean": 0.10892158147878944
    },
    {
      "action_l2_mean": 0.5620403843373061,
      "action_saturation": 0.1155000015348196,
      "candidate_policy": "run2_true_tcp_ppo",
      "collector_policy": "run5_dpsi_ppo",
      "decisions": 200,
      "distance_sq_reduction_mean": 0.01928849145770073,
      "fraction_improved_from_start": 0.87,
      "goal_reach_rate_eps": 0.89,
      "initial_distance_sq_mean": 0.020747719332575798,
      "max_reward": 0.15341527430340648,
      "p50_terminal_distance_sq": 0.00042193185072392225,
      "p90_terminal_distance_sq": 0.0026472285389900208,
      "p99_terminal_distance_sq": 0.010225040838122368,
      "shuffled_goal": false,
      "terminal_distance_sq_mean": 0.0014592286897823215,
      "terminal_reward": 0.14664233794435858,
      "terminal_tcp_error_m_mean": 0.02762346040515695
    },
    {
      "action_l2_mean": 0.651726251244545,
      "action_saturation": 0.19000000216066837,
      "candidate_policy": "run2_true_tcp_ppo",
      "collector_policy": "run5_dpsi_ppo",
      "decisions": 200,
      "distance_sq_reduction_mean": 0.03270957991480827,
      "fraction_improved_from_start": 0.94,
      "goal_reach_rate_eps": 0.8,