{
  "eval_refs": 2,
  "horizon": 10,
  "num_envs": 4096,
  "rows": [
    {
      "action_l2_mean": 0.9584699468332701,
      "action_saturation": 0.23365478515625,
      "distance_sq_reduction_mean": 0.07764923572540283,
      "fraction_improved_from_start": 0.9991455078125,
      "goal_reach_rate_eps": 0.9833984375,
      "initial_distance_sq_mean": 0.07791003584861755,
      "local_episodes": 8192,
      "low_checkpoint": "artifacts/incremental/pre_rl/phase_c/k10/seed0/time_conditioned_tcp.pt",
      "low_policy": "bc1800",
      "p50_terminal_distance_sq": 4.8982408770825714e-05,
      "p90_terminal_distance_sq": 0.00046297977678477764,
      "p99_terminal_distance_sq": 0.004142002668231726,
      "shuffled_goal": false,
      "teacher_action_mae": 0.045594492247091264,
      "terminal_distance_sq_mean": 0.0002607991627883166,
      "terminal_tcp_error_m_mean": 0.010517113922075882
    },
    {
      "action_l2_mean": 0.8616591135926456,
      "action_saturation": 0.323828125,
      "distance_sq_reduction_mean": 0.07745011895895004,
      "fraction_improved_from_start": 0.9998779296875,
      "goal_reach_rate_eps": 0.9752197265625,
      "initial_distance_sq_mean": 0.07791003584861755,
      "local_episodes": 8192,
      "low_checkpoint": "results/incremental/rl_reachability_debug/run6_true_tcp_b8_u1000/privileged_tcp_ppo_progress_terminal_n4096_seed0/latest.pt",
      "low_policy": "run2_true_tcp_ppo",
      "p50_terminal_distance_sq": 0.00019496976165100932,
      "p90_terminal_distance_sq": 0.0010453108698129654,
      "p99_terminal_distance_sq": 0.0040140640921890736,
      "shuffled_goal": false,
      "teacher_action_mae": 0.3590953260069,
      "terminal_distance_sq_mean": 0.000459914532257244,
      "terminal_tcp_error_m_mean": 0.017528173718812212
    },
    {
      "action_l2_mean": 0.8524038068402661,
      "action_saturation": 0.29052734375,
      "distance_sq_reduction_mean": 0.07673484086990356,
      "fraction_improved_from_start": 0.9993896484375,
      "goal_reach_rate_eps": 0.9058837890625,
      "initial_distance_sq_mean": 0.07791003584861755,
      "local_episodes": 8192,
      "low_checkpoint": "results/incremental/rl_reachability_debug/run7_dpsi_bc_advantage_b8_u1000/privileged_tcp_ppo_bc_advantage_terminal_n4096_seed0/latest.pt",
      "low_policy": "run5_dpsi_ppo",
      "p50_terminal_distance_sq": 0.0005847841966897249,
      "p90_terminal_distance_sq": 0.0024206633679568768,
      "p99_terminal_distance_sq": 0.010476148687303066,
      "shuffled_goal": false,
      "teacher_action_mae": 0.37799411005474326,
      "terminal_distance_sq_mean": 0.0011751932324841619,
      "terminal_tcp_error_m_mean": 0.027730077872732295
    },
    {
      "action_l2_mean": 0.9438584668662315,
      "action_saturation": 0.19493408203125,
      "distance_sq_reduction_mean": 0.0704171359539032,
      "fraction_improved_from_start": 0.9654541015625,
      "goal_reach_rate_eps": 0.228515625,
      "initial_distance_sq_mean": 0.0817456990480423,
      "local_episodes": 8192,
      "low_checkpoint": "artifacts/incremental/pre_rl/phase_c/k10/seed0/time_conditioned_tcp.pt",
      "low_policy": "bc1800",
      "p50_terminal_distance_sq": 0.007189879193902016,
      "p90_terminal_distance_sq": 0.025964591652154922,
      "p99_terminal_distance_sq": 0.06363952159881592,
      "shuffled_goal": true,
      "teacher_action_mae": 0.1672256585141696,
      "terminal_distance_sq_mean": 0.011328560300171375,
      "terminal_tcp_error_m_mean": 0.09207772871733866
    },
    {
      "action_l2_mean": 0.8681876681990162,
      "action_saturation": 0.3304443359375,
      "distance_sq_reduction_mean": 0.08073239773511887,
      "fraction_improved_from_start": 0.9998779296875,
      "goal_reach_rate_eps": 0.9205322265625,
      "initial_distance_sq_mean": 0.0817456990480423,
      "local_episodes": 8192,
      "low_checkpoint": "results/incremental/rl_reachability_debug/run6_true_tcp_b8_u1000/privileged_tcp_ppo_progress_terminal_n4096_seed0/latest.pt",
      "low_policy": "run2_true_tcp_ppo",
      "p50_terminal_distance_sq": 0.0002858495572581887,
      "p90_terminal_distance_sq": 0.001987207680940628,
      "p99_terminal_distance_sq": 0.014034291729331017,
      "shuffled_goal": true,
      "teacher_action_mae": 0.46565306861436967,
      "terminal_distance_sq_mean": 0.0010133013129234314,
      "terminal_tcp_error_m_mean": 0.022989399380792364
    },
    {
      "action_l2_mean": 0.8417366983818511,
      "action_saturation": 0.3013427734375,
      "distance_sq_reduction_mean": 0.07960925996303558,
      "fraction_improved_from_start": 0.9996337890625,
      "goal_reach_rate_eps": 0.8355712890625,
      "initial_distance_sq_mean": 0.0817456990480423,
      "local_episodes": 8192,
      "low_checkpoint": "results/incremental/rl_reachability_debug/run7_dpsi_bc_advantage_b8_u1000/privileged_tcp_ppo_bc_advantage_terminal_n4096_seed0/latest.pt",
      "low_policy": "run5_dpsi_ppo",
      "p50_terminal_distance_sq": 0.0005692673148587346,
      "p90_terminal_distance_sq": 0.004351130686700344,
      "p99_terminal_distance_sq": 0.029334552586078644,
      "shuffled_goal": true,
      "teacher_action_mae": 0.4778671798392452,
      "terminal_distance_sq_mean": 0.0021364418789744377,
      "terminal_tcp_error_m_mean": 0.03312902292377373
    }
  ],
  "run": "rl_reachability_debug_local_low_policy_compare",
  "success_epsilon": 0.0025
}