{
  "checkpoint": "results/incremental/rl_reachability_debug/run8_object_pose_b8_u250/privileged_object_pose_ppo_progress_terminal_n4096_seed0/latest.pt",
  "history_first": {
    "action_l2_mean": 0.5865146001235985,
    "action_saturation": 0.0202392578125,
    "clip_fraction": 0.04341634181340245,
    "elapsed_s": 7.782472247956321,
    "entropy": 1.2529632697502773,
    "explained_variance": -7.010546684265137,
    "global_step": 40960,
    "goal_reach_rate_eps": 0.45751953125,
    "mean_distance": 0.026247499379384892,
    "mean_initial_distance": 0.018525052739640054,
    "mean_return_per_step": -0.005336533579468306,
    "mean_terminal_distance": 0.03594519428645379,
    "nan_count": 0,
    "policy_kl": 0.004255676149720482,
    "policy_loss": -0.002402992351562716,
    "reset_state_l2_recent_mean": 0.0,
    "update": 1,
    "value_loss": 0.019877491790490847
  },
  "history_last": {
    "action_l2_mean": 0.9304949067531197,
    "action_saturation": 0.309033203125,
    "clip_fraction": 0.11315104303260644,
    "elapsed_s": 2009.1893384840805,
    "entropy": -0.8097653985023499,
    "explained_variance": 0.8224555402994156,
    "global_step": 10240000,
    "goal_reach_rate_eps": 0.097412109375,
    "mean_distance": 0.7217633626738824,
    "mean_initial_distance": 1.0542191918024577,
    "mean_return_per_step": 0.02557553870069834,
    "mean_terminal_distance": 0.39923190241774964,
    "nan_count": 0,
    "policy_kl": 0.008458827069262043,
    "policy_loss": -0.003977697716133359,
    "reset_state_l2_recent_mean": 0.0,
    "update": 250,
    "value_loss": 0.06243066008513173
  },
  "initial_eval": {
    "action_l2_mean": 0.005691805457176536,
    "action_saturation": 0.0,
    "distance_reduction_mean": 0.0206591933965683,
    "fraction_improved_from_start": 0.625823974609375,
    "goal_reach_rate_eps": 0.240997314453125,
    "initial_distance_mean": 0.5896885991096497,
    "local_episodes": 32768,
    "p50_terminal_distance": 0.13569185137748718,
    "p90_terminal_distance": 1.9495702981948853,
    "p99_terminal_distance": 3.282142400741577,
    "reset_state_l2_mean": 0.0,
    "terminal_distance_mean": 0.5690294504165649
  },
  "recipe": {
    "action_dim": 3,
    "bc_low_checkpoint": null,
    "clip_coef": 0.2,
    "dataset": "/home/digarcia/Desktop/hierarchical_control_from_latent_poc/data/rl_rerun/pusht_vector_state_demos_n4096_b8.h5",
    "distance_progress_weight": 1.0,
    "dpsi_checkpoint": null,
    "dpsi_target_scale": 1000.0,
    "entropy_coef": 0.0,
    "gae_lambda": 0.95,
    "gamma": 0.99,
    "goal_dim": 4,
    "goal_type": "object_pose",
    "horizon": 10,
    "init_checkpoint": null,
    "init_global_step": 0,
    "init_history_updates": 0,
    "initial_logstd": -1.0,
    "learning_rate": 0.0003,
    "max_grad_norm": 1.0,
    "minibatch_size": 5120,
    "normalizer_fit_actions": 1966080,
    "normalizer_fit_goals": 1671168,
    "normalizer_fit_states": 1998848,
    "num_envs": 4096,
    "num_minibatches": 8,
    "reward": "progress_terminal",
    "reward_distance_source": "true_goal",
    "reward_mode": "progress_terminal",
    "run": "rl_reachability_debug_run2_privileged_tcp_scratch_ppo",
    "samples_per_update": 40960,
    "state_dim": 31,
    "success_epsilon": 0.0025,
    "terminal_weight": 1.0,
    "total_env_steps": 10240000,
    "update_epochs": 3,
    "updates": 250,
    "value_coef": 1.0
  },
  "trained_eval": {
    "action_l2_mean": 0.7342365351742842,
    "action_saturation": 0.1214141845703125,
    "distance_reduction_mean": 0.4380102753639221,
    "fraction_improved_from_start": 0.74017333984375,
    "goal_reach_rate_eps": 0.316009521484375,
    "initial_distance_mean": 0.5896885991096497,
    "local_episodes": 32768,
    "p50_terminal_distance": 0.01196565106511116,
    "p90_terminal_distance": 0.48939698934555054,
    "p99_terminal_distance": 1.913452386856079,
    "reset_state_l2_mean": 0.0,
    "terminal_distance_mean": 0.15167829394340515
  },
  "trained_shuffled_goal_eval": {
    "action_l2_mean": 0.7440282046657813,
    "action_saturation": 0.158428955078125,
    "distance_reduction_mean": 0.24752770364284515,
    "fraction_improved_from_start": 0.661376953125,
    "goal_reach_rate_eps": 0.274383544921875,
    "initial_distance_mean": 0.5896885991096497,
    "local_episodes": 32768,
    "p50_terminal_distance": 0.026930810883641243,
    "p90_terminal_distance": 1.0402413606643677,
    "p99_terminal_distance": 3.875558853149414,
    "reset_state_l2_mean": 0.0,
    "terminal_distance_mean": 0.3421608805656433
  }
}