{
  "checkpoint": "results/incremental/rl_reachability_debug/run19_full_goal_recomputed_teacher_penalty05_b8_u250/privileged_full_ppo_progress_terminal_n4096_seed0/latest.pt",
  "history_first": {
    "action_l2_mean": 0.5864838250599632,
    "action_saturation": 0.0202880859375,
    "clip_fraction": 0.15576985816005617,
    "elapsed_s": 7.786236082902178,
    "entropy": 1.2490035543839137,
    "explained_variance": 0.00044149160385131836,
    "global_step": 40960,
    "goal_reach_rate_eps": 0.0,
    "mean_distance": 8.390327116778813,
    "mean_initial_distance": 7.172654522851516,
    "mean_return_per_step": -1.5138233705241873,
    "mean_terminal_distance": 10.122540034397389,
    "nan_count": 0,
    "policy_kl": 0.0110110957272506,
    "policy_loss": -0.008911082319779476,
    "reset_state_l2_recent_mean": 0.0,
    "teacher_action_mae": 0.4131616427508334,
    "update": 1,
    "value_loss": 489.36890665690106
  },
  "history_last": {
    "action_l2_mean": 0.735887404872301,
    "action_saturation": 0.0712158203125,
    "clip_fraction": 0.19724121449204782,
    "elapsed_s": 2006.421404685825,
    "entropy": -2.8285289108753204,
    "explained_variance": 0.8321536034345627,
    "global_step": 10240000,
    "goal_reach_rate_eps": 0.0,
    "mean_distance": 11.124519348998637,
    "mean_initial_distance": 19.08530609308218,
    "mean_return_per_step": 1.1970598199533016,
    "mean_terminal_distance": 2.8174570878782106,
    "nan_count": 0,
    "policy_kl": 0.015354969635761032,
    "policy_loss": 0.001948284271444815,
    "reset_state_l2_recent_mean": 0.0,
    "teacher_action_mae": 0.29595874442912873,
    "update": 250,
    "value_loss": 3.949773152669271
  },
  "initial_eval": {
    "action_l2_mean": 0.007264925765272512,
    "action_saturation": 0.0,
    "distance_reduction_mean": 6.971542835235596,
    "fraction_improved_from_start": 0.75592041015625,
    "goal_reach_rate_eps": 0.008880615234375,
    "initial_distance_mean": 14.408127784729004,
    "local_episodes": 32768,
    "p50_terminal_distance": 4.970541954040527,
    "p90_terminal_distance": 15.24006462097168,
    "p99_terminal_distance": 50.00022506713867,
    "reset_state_l2_mean": 0.0,
    "terminal_distance_mean": 7.436583518981934
  },
  "recipe": {
    "action_dim": 3,
    "bc_low_checkpoint": null,
    "clip_coef": 0.2,
    "dataset": "/home/digarcia/Desktop/hierarchical_control_from_latent_poc/data/rl_rerun/pusht_vector_state_demos_n4096_b8.h5",
    "distance_progress_weight": 1.0,
    "dpsi_checkpoint": null,
    "dpsi_target_scale": 1000.0,
    "entropy_coef": 0.0,
    "gae_lambda": 0.95,
    "gamma": 0.99,
    "goal_dim": 28,
    "goal_type": "full",
    "horizon": 10,
    "init_checkpoint": null,
    "init_global_step": 0,
    "init_history_updates": 0,
    "initial_logstd": -1.0,
    "learning_rate": 0.0003,
    "max_grad_norm": 1.0,
    "minibatch_size": 5120,
    "normalizer_fit_actions": 1966080,
    "normalizer_fit_goals": 16711680,
    "normalizer_fit_states": 1998848,
    "num_envs": 4096,
    "num_minibatches": 8,
    "recompute_held_goal_features": true,
    "reward": "progress_terminal",
    "reward_distance_source": "true_goal",
    "reward_mode": "progress_terminal",
    "run": "rl_reachability_debug_run2_privileged_tcp_scratch_ppo",
    "samples_per_update": 40960,
    "state_dim": 31,
    "success_epsilon": 0.0025,
    "teacher_action_penalty_weight": 0.5,
    "terminal_weight": 1.0,
    "total_env_steps": 10240000,
    "update_epochs": 3,
    "updates": 250,
    "value_coef": 1.0
  },
  "trained_eval": {
    "action_l2_mean": 0.5403925690552157,
    "action_saturation": 0.02205810546875,
    "distance_reduction_mean": 12.881738662719727,
    "fraction_improved_from_start": 0.972747802734375,
    "goal_reach_rate_eps": 0.00616455078125,
    "initial_distance_mean": 14.408127784729004,
    "local_episodes": 32768,
    "p50_terminal_distance": 0.6987043023109436,
    "p90_terminal_distance": 3.2267425060272217,
    "p99_terminal_distance": 15.117366790771484,
    "reset_state_l2_mean": 0.0,
    "terminal_distance_mean": 1.5263880491256714
  },
  "trained_shuffled_goal_eval": {
    "action_l2_mean": 0.5664713729388758,
    "action_saturation": 0.02021484375,
    "distance_reduction_mean": 9.834359169006348,
    "fraction_improved_from_start": 0.809478759765625,
    "goal_reach_rate_eps": 0.0,
    "initial_distance_mean": 14.408127784729004,
    "local_episodes": 32768,
    "p50_terminal_distance": 3.251542806625366,
    "p90_terminal_distance": 8.647329330444336,
    "p99_terminal_distance": 30.227550506591797,
    "reset_state_l2_mean": 0.0,
    "terminal_distance_mean": 4.573767185211182
  }
}