{
  "causal_transitions": [
    2311,
    4507,
    8834,
    22367,
    44605,
    80472
  ],
  "curves": {
    "deterministic_hierarchy": {
      "aulc_log_transitions": 0.444171100545779,
      "n50_transitions": null,
      "n70_transitions": null,
      "success": [
        0.01,
        0.02,
        0.08,
        0.14,
        0.22,
        0.37
      ],
      "success_stderr": [
        0.0099498743710662,
        0.013999999999999999,
        0.027129319932501072,
        0.03469870314579494,
        0.041424630354415966,
        0.04828043081829324
      ]
    },
    "generative_hierarchy": {
      "aulc_log_transitions": 0.5377377906855118,
      "n50_transitions": null,
      "n70_transitions": null,
      "success": [
        0.03,
        0.05,
        0.03,
        0.23,
        0.25,
        0.42
      ],
      "success_stderr": [
        0.01705872210923198,
        0.021794494717703367,
        0.01705872210923198,
        0.042083250825001625,
        0.04330127018922193,
        0.049355850717012276
      ]
    },
    "oracle_hierarchy": {
      "aulc_log_transitions": 1.7537838048093566,
      "n50_transitions": 22367,
      "n70_transitions": 22367,
      "success": [
        0.0,
        0.1,
        0.4,
        0.8,
        0.8,
        0.7
      ],
      "success_stderr": [
        0.0,
        0.09486832980505139,
        0.15491933384829668,
        0.12649110640673517,
        0.12649110640673517,
        0.14491376746189435
      ]
    },
    "visual_bc": {
      "aulc_log_transitions": 0.8071004340515339,
      "n50_transitions": 80472,
      "n70_transitions": null,
      "success": [
        0.0,
        0.05,
        0.1,
        0.29,
        0.44,
        0.6
      ],
      "success_stderr": [
        0.0,
        0.021794494717703367,
        0.03,
        0.045376205218153706,
        0.04963869458396343,
        0.04898979485566356
      ]
    },
    "visual_flat_flow": {
      "aulc_log_transitions": 0.9404392359138835,
      "n50_transitions": 80472,
      "n70_transitions": null,
      "success": [
        0.03,
        0.07,
        0.2,
        0.28,
        0.49,
        0.62
      ],
      "success_stderr": [
        0.017058722109231983,
        0.025514701644346143,
        0.04,
        0.044899888641287286,
        0.049989998999799945,
        0.04853864439804639
      ]
    }
  },
  "metadata": {
    "config": "configs/pusht_incremental.yaml",
    "control_freq": 20,
    "controller": "pd_ee_delta_pos",
    "cuda_available": true,
    "device": "cuda",
    "environment": "PushT-v1",
    "git_commit": "f776bc30a0f5a6610fe8d04ba03784dbac2b913e",
    "git_dirty": true,
    "gymnasium_version": "1.3.0",
    "mani_skill_version": "3.0.1",
    "torch_version": "2.12.0+cu130"
  },
  "phase": 12,
  "plot": "results/incremental/phase12/sample_efficiency.png",
  "protocol": {
    "deployable_evaluation_episodes": 100,
    "oracle_evaluation_episodes": 10,
    "training_seed_robustness_measured": false,
    "training_seeds": 1,
    "validation_trajectories": 200
  },
  "trajectory_budgets": [
    50,
    100,
    200,
    500,
    1000,
    1800
  ]
}