{
  "checkpoint": "results/incremental/rl_reachability_debug/run16_full_goal_teacher_penalty05_b8_u250/privileged_full_ppo_progress_terminal_n4096_seed0/latest.pt",
  "history_first": {
    "action_l2_mean": 0.5864718518539348,
    "action_saturation": 0.02041015625,
    "clip_fraction": 0.14973144652321935,
    "elapsed_s": 7.886097310110927,
    "entropy": 1.249144807457924,
    "explained_variance": 0.0010509490966796875,
    "global_step": 40960,
    "goal_reach_rate_eps": 0.0,
    "mean_distance": 8.395262865636992,
    "mean_initial_distance": 7.172654522851516,
    "mean_return_per_step": -1.5157047420349046,
    "mean_terminal_distance": 10.131622342709306,
    "nan_count": 0,
    "policy_kl": 0.010642028331252126,
    "policy_loss": -0.008281500595330726,
    "reset_state_l2_recent_mean": 0.0,
    "teacher_action_mae": 0.41329145578666837,
    "update": 1,
    "value_loss": 484.00464248657227
  },
  "history_last": {
    "action_l2_mean": 0.7123585583606882,
    "action_saturation": 0.0174072265625,
    "clip_fraction": 0.1789062514823551,
    "elapsed_s": 2034.0670331900474,
    "entropy": -2.899317572514216,
    "explained_variance": 0.9247777909040451,
    "global_step": 10240000,
    "goal_reach_rate_eps": 0.0,
    "mean_distance": 11.311569611922915,
    "mean_initial_distance": 19.08530609308218,
    "mean_return_per_step": 1.0141963568418304,
    "mean_terminal_distance": 3.759360803489926,
    "nan_count": 0,
    "policy_kl": 0.013650740555021912,
    "policy_loss": -0.002577292141116535,
    "reset_state_l2_recent_mean": 0.0,
    "teacher_action_mae": 0.2849241835327746,
    "update": 250,
    "value_loss": 2.550738970438639
  },
  "initial_eval": {
    "action_l2_mean": 0.006808238294106772,
    "action_saturation": 0.0,
    "distance_reduction_mean": 6.97006893157959,
    "fraction_improved_from_start": 0.78009033203125,
    "goal_reach_rate_eps": 0.00872802734375,
    "initial_distance_mean": 14.408127784729004,
    "local_episodes": 32768,
    "p50_terminal_distance": 4.975502014160156,
    "p90_terminal_distance": 15.218595504760742,
    "p99_terminal_distance": 50.237518310546875,
    "reset_state_l2_mean": 0.0,
    "terminal_distance_mean": 7.4380574226379395
  },
  "recipe": {
    "action_dim": 3,
    "bc_low_checkpoint": null,
    "clip_coef": 0.2,
    "dataset": "/home/digarcia/Desktop/hierarchical_control_from_latent_poc/data/rl_rerun/pusht_vector_state_demos_n4096_b8.h5",
    "distance_progress_weight": 1.0,
    "dpsi_checkpoint": null,
    "dpsi_target_scale": 1000.0,
    "entropy_coef": 0.0,
    "gae_lambda": 0.95,
    "gamma": 0.99,
    "goal_dim": 28,
    "goal_type": "full",
    "horizon": 10,
    "init_checkpoint": null,
    "init_global_step": 0,
    "init_history_updates": 0,
    "initial_logstd": -1.0,
    "learning_rate": 0.0003,
    "max_grad_norm": 1.0,
    "minibatch_size": 5120,
    "normalizer_fit_actions": 1966080,
    "normalizer_fit_goals": 1671168,
    "normalizer_fit_states": 1998848,
    "num_envs": 4096,
    "num_minibatches": 8,
    "reward": "progress_terminal",
    "reward_distance_source": "true_goal",
    "reward_mode": "progress_terminal",
    "run": "rl_reachability_debug_run2_privileged_tcp_scratch_ppo",
    "samples_per_update": 40960,
    "state_dim": 31,
    "success_epsilon": 0.0025,
    "teacher_action_penalty_weight": 0.5,
    "terminal_weight": 1.0,
    "total_env_steps": 10240000,
    "update_epochs": 3,
    "updates": 250,
    "value_coef": 1.0
  },
  "trained_eval": {
    "action_l2_mean": 0.5322378368499472,
    "action_saturation": 0.0057891845703125,
    "distance_reduction_mean": 12.496136665344238,
    "fraction_improved_from_start": 0.9708251953125,
    "goal_reach_rate_eps": 0.000274658203125,
    "initial_distance_mean": 14.408127784729004,
    "local_episodes": 32768,
    "p50_terminal_distance": 0.6571676731109619,
    "p90_terminal_distance": 3.7420754432678223,
    "p99_terminal_distance": 25.016340255737305,
    "reset_state_l2_mean": 0.0,
    "terminal_distance_mean": 1.9119901657104492
  },
  "trained_shuffled_goal_eval": {
    "action_l2_mean": 0.5378457548315048,
    "action_saturation": 0.0026397705078125,
    "distance_reduction_mean": 6.5482587814331055,
    "fraction_improved_from_start": 0.738128662109375,
    "goal_reach_rate_eps": 0.0,
    "initial_distance_mean": 14.408127784729004,
    "local_episodes": 32768,
    "p50_terminal_distance": 4.823891639709473,
    "p90_terminal_distance": 16.109188079833984,
    "p99_terminal_distance": 58.693206787109375,
    "reset_state_l2_mean": 0.0,
    "terminal_distance_mean": 7.859867572784424
  }
}