{
  "checkpoint": "results/incremental/rl_reachability_debug/run2_privileged_tcp/privileged_tcp_ppo_progress_terminal_n4096_seed0/latest.pt",
  "history_first": {
    "action_l2_mean": 0.58649297644738,
    "action_saturation": 0.0200927734375,
    "clip_fraction": 0.049430339238218345,
    "elapsed_s": 7.83908399194479,
    "entropy": 1.2528244654337566,
    "explained_variance": -27.516170501708984,
    "global_step": 40960,
    "goal_reach_rate_eps": 0.1630859375,
    "mean_distance": 0.01586344355872768,
    "mean_initial_distance": 0.013243241005874888,
    "mean_return_per_step": -0.0026665569970230688,
    "mean_terminal_distance": 0.01995440549289773,
    "nan_count": 0,
    "policy_kl": 0.004718077601864934,
    "policy_loss": -0.0024099517080079145,
    "reset_state_l2_recent_mean": 0.0,
    "update": 1,
    "value_loss": 0.02309029330111419
  },
  "history_last": {
    "action_l2_mean": 0.918958259903843,
    "action_saturation": 0.46328125,
    "clip_fraction": 0.08369140819801639,
    "elapsed_s": 2052.5250353729352,
    "entropy": -0.7189922978480657,
    "explained_variance": 0.9123940691351891,
    "global_step": 10240000,
    "goal_reach_rate_eps": 0.94873046875,
    "mean_distance": 0.025118616114430274,
    "mean_initial_distance": 0.08089451438566186,
    "mean_return_per_step": 0.007945170943744598,
    "mean_terminal_distance": 0.0007214024751614964,
    "nan_count": 0,
    "policy_kl": 0.006600891433966656,
    "policy_loss": -0.00028113960070186295,
    "reset_state_l2_recent_mean": 0.0,
    "update": 250,
    "value_loss": 4.093126244697487e-05
  },
  "initial_eval": {
    "action_l2_mean": 0.006044038495437309,
    "action_saturation": 0.0,
    "distance_reduction_mean": 0.00604181969538331,
    "fraction_improved_from_start": 0.9783935546875,
    "goal_reach_rate_eps": 0.005859375,
    "initial_distance_mean": 0.07880625873804092,
    "local_episodes": 8192,
    "p50_terminal_distance": 0.06738924980163574,
    "p90_terminal_distance": 0.13261139392852783,
    "p99_terminal_distance": 0.19878734648227692,
    "reset_state_l2_mean": 0.0,
    "terminal_distance_mean": 0.07276444137096405
  },
  "recipe": {
    "action_dim": 3,
    "clip_coef": 0.2,
    "dataset": "/home/digarcia/Desktop/hierarchical_control_from_latent_poc/data/rl_rerun/pusht_vector_state_demos_n4096_b2.h5",
    "distance_progress_weight": 1.0,
    "entropy_coef": 0.0,
    "gae_lambda": 0.95,
    "gamma": 0.99,
    "goal_dim": 6,
    "horizon": 10,
    "initial_logstd": -1.0,
    "learning_rate": 0.0003,
    "max_grad_norm": 1.0,
    "minibatch_size": 5120,
    "normalizer_fit_actions": 491520,
    "normalizer_fit_goals": 417792,
    "normalizer_fit_states": 499712,
    "num_envs": 4096,
    "num_minibatches": 8,
    "reward": "tcp_position_squared_progress_minus_terminal_tcp_position_squared_distance",
    "reward_mode": "progress_terminal",
    "run": "rl_reachability_debug_run2_privileged_tcp_scratch_ppo",
    "samples_per_update": 40960,
    "state_dim": 31,
    "success_epsilon": 0.0025,
    "terminal_weight": 1.0,
    "total_env_steps": 10240000,
    "update_epochs": 3,
    "updates": 250,
    "value_coef": 1.0
  },
  "trained_eval": {
    "action_l2_mean": 0.8298845417145003,
    "action_saturation": 0.44931640625,
    "distance_reduction_mean": 0.07831718772649765,
    "fraction_improved_from_start": 0.9998779296875,
    "goal_reach_rate_eps": 0.974365234375,
    "initial_distance_mean": 0.07880625873804092,
    "local_episodes": 8192,
    "p50_terminal_distance": 0.00017691514221951365,
    "p90_terminal_distance": 0.0008066210430115461,
    "p99_terminal_distance": 0.007110605947673321,
    "reset_state_l2_mean": 0.0,
    "terminal_distance_mean": 0.000489066238515079
  },
  "trained_shuffled_goal_eval": {
    "action_l2_mean": 0.8381308240345333,
    "action_saturation": 0.46767578125,
    "distance_reduction_mean": 0.04190925136208534,
    "fraction_improved_from_start": 0.8140869140625,
    "goal_reach_rate_eps": 0.101318359375,
    "initial_distance_mean": 0.07880625873804092,
    "local_episodes": 8192,
    "p50_terminal_distance": 0.023941799998283386,
    "p90_terminal_distance": 0.0924442708492279,
    "p99_terminal_distance": 0.15835435688495636,
    "reset_state_l2_mean": 0.0,
    "terminal_distance_mean": 0.03689700365066528
  }
}