{
  "checkpoint": "results/incremental/rl_reachability_debug/run5_tcp_dpsi_ppo/privileged_tcp_ppo_progress_terminal_n4096_seed0/latest.pt",
  "history_first": {
    "action_l2_mean": 0.58649297644738,
    "action_saturation": 0.0200927734375,
    "clip_fraction": 0.048087565179836624,
    "elapsed_s": 7.922464878996834,
    "entropy": 1.2534691294034321,
    "explained_variance": -27.947650909423828,
    "global_step": 40960,
    "goal_reach_rate_eps": 0.1630859375,
    "mean_distance": 0.01810755579949866,
    "mean_initial_distance": 0.01573607909027394,
    "mean_return_per_step": -0.002770354181598299,
    "mean_terminal_distance": 0.01995440549289773,
    "nan_count": 0,
    "policy_kl": 0.004650037832713376,
    "policy_loss": -0.002374688692119283,
    "reset_state_l2_recent_mean": 0.0,
    "update": 1,
    "value_loss": 0.023244475460766505
  },
  "history_last": {
    "action_l2_mean": 0.8341042396907141,
    "action_saturation": 0.3295654296875,
    "clip_fraction": 0.08487142060766928,
    "elapsed_s": 2043.4149765949696,
    "entropy": -0.9802931497494379,
    "explained_variance": 0.9105639532208443,
    "global_step": 10240000,
    "goal_reach_rate_eps": 0.916259765625,
    "mean_distance": 0.02444807203073786,
    "mean_initial_distance": 0.08029840945096112,
    "mean_return_per_step": 0.007845698013950075,
    "mean_terminal_distance": 0.0009099756537786254,
    "nan_count": 0,
    "policy_kl": 0.006607286704820581,
    "policy_loss": -2.7602494810707867e-05,
    "reset_state_l2_recent_mean": 0.0,
    "update": 250,
    "value_loss": 3.992705857550997e-05
  },
  "initial_eval": {
    "action_l2_mean": 0.006044038495437309,
    "action_saturation": 0.0,
    "distance_reduction_mean": 0.00604181969538331,
    "fraction_improved_from_start": 0.9783935546875,
    "goal_reach_rate_eps": 0.005859375,
    "initial_distance_mean": 0.07880625873804092,
    "local_episodes": 8192,
    "p50_terminal_distance": 0.06738924980163574,
    "p90_terminal_distance": 0.13261139392852783,
    "p99_terminal_distance": 0.19878734648227692,
    "reset_state_l2_mean": 0.0,
    "terminal_distance_mean": 0.07276444137096405
  },
  "recipe": {
    "action_dim": 3,
    "clip_coef": 0.2,
    "dataset": "/home/digarcia/Desktop/hierarchical_control_from_latent_poc/data/rl_rerun/pusht_vector_state_demos_n4096_b2.h5",
    "distance_progress_weight": 1.0,
    "dpsi_checkpoint": "artifacts/incremental/rl_reachability_debug/run4_tcp_dpsi_ensemble/tcp_dpsi_ensemble.pt",
    "dpsi_target_scale": 1000.0,
    "entropy_coef": 0.0,
    "gae_lambda": 0.95,
    "gamma": 0.99,
    "goal_dim": 6,
    "horizon": 10,
    "initial_logstd": -1.0,
    "learning_rate": 0.0003,
    "max_grad_norm": 1.0,
    "minibatch_size": 5120,
    "normalizer_fit_actions": 491520,
    "normalizer_fit_goals": 417792,
    "normalizer_fit_states": 499712,
    "num_envs": 4096,
    "num_minibatches": 8,
    "reward": "learned_dpsi_progress_minus_terminal_learned_dpsi_distance",
    "reward_distance_source": "dpsi",
    "reward_mode": "progress_terminal",
    "run": "rl_reachability_debug_run2_privileged_tcp_scratch_ppo",
    "samples_per_update": 40960,
    "state_dim": 31,
    "success_epsilon": 0.0025,
    "terminal_weight": 1.0,
    "total_env_steps": 10240000,
    "update_epochs": 3,
    "updates": 250,
    "value_coef": 1.0
  },
  "trained_eval": {
    "action_l2_mean": 0.7564318760196216,
    "action_saturation": 0.30146484375,
    "distance_reduction_mean": 0.07829084992408752,
    "fraction_improved_from_start": 0.9996337890625,
    "goal_reach_rate_eps": 0.9725341796875,
    "initial_distance_mean": 0.07880625873804092,
    "local_episodes": 8192,
    "p50_terminal_distance": 0.0002476359368301928,
    "p90_terminal_distance": 0.0010960496729239821,
    "p99_terminal_distance": 0.00482800742611289,
    "reset_state_l2_mean": 0.0,
    "terminal_distance_mean": 0.0005154062528163195
  },
  "trained_shuffled_goal_eval": {
    "action_l2_mean": 0.7574921682809815,
    "action_saturation": 0.2993408203125,
    "distance_reduction_mean": 0.042245231568813324,
    "fraction_improved_from_start": 0.8153076171875,
    "goal_reach_rate_eps": 0.0958251953125,
    "initial_distance_mean": 0.07880625873804092,
    "local_episodes": 8192,
    "p50_terminal_distance": 0.023842178285121918,
    "p90_terminal_distance": 0.09069591760635376,
    "p99_terminal_distance": 0.15606974065303802,
    "reset_state_l2_mean": 0.0,
    "terminal_distance_mean": 0.0365610234439373
  }
}