{
  "checkpoint": "results/incremental/rl_reachability_debug/run24_full_reset_mixture_oracle_target_penalty10_u250/privileged_full_ppo_progress_terminal_n4096_seed0/latest.pt",
  "history_first": {
    "action_l2_mean": 0.3493240490679227,
    "action_saturation": 0.0004150390625,
    "clip_fraction": 0.5103190233930945,
    "elapsed_s": 7.660489656962454,
    "entropy": -7.121305346488953,
    "explained_variance": 0.24907153844833374,
    "global_step": 92200960,
    "goal_reach_rate_eps": 0.0009765625,
    "mean_distance": 6.569554622062967,
    "mean_initial_distance": 9.867117992756846,
    "mean_return_per_step": 0.05309226881810218,
    "mean_terminal_distance": 3.4329899797988332,
    "nan_count": 0,
    "policy_kl": 0.09540279791690409,
    "policy_loss": 0.009761379285312918,
    "reset_state_l2_recent_mean": 0.0,
    "teacher_action_mae": 0.24702153297213272,
    "update": 1,
    "value_loss": 119.63798236846924
  },
  "history_last": {
    "action_l2_mean": 0.8332242284412132,
    "action_saturation": 0.038134765625,
    "clip_fraction": 0.4867513105273247,
    "elapsed_s": 1995.727378800977,
    "entropy": -6.958715955416362,
    "explained_variance": 0.8088327795267105,
    "global_step": 102400000,
    "goal_reach_rate_eps": 0.0,
    "mean_distance": 6.480879998918317,
    "mean_initial_distance": 10.174605155712925,
    "mean_return_per_step": 0.13934210295381036,
    "mean_terminal_distance": 2.7070177292571316,
    "nan_count": 0,
    "policy_kl": 0.06570362315202753,
    "policy_loss": 0.03180129918231008,
    "reset_state_l2_recent_mean": 0.0,
    "teacher_action_mae": 0.3367148652883998,
    "update": 250,
    "value_loss": 1.5055123815933864
  },
  "initial_eval": {
    "action_l2_mean": 0.5374473575589682,
    "action_saturation": 0.0036102294921875,
    "distance_reduction_mean": 11.008968353271484,
    "fraction_improved_from_start": 0.9639892578125,
    "goal_reach_rate_eps": 0.0008544921875,
    "initial_distance_mean": 13.519636154174805,
    "local_episodes": 32768,
    "p50_terminal_distance": 1.2623825073242188,
    "p90_terminal_distance": 3.856708526611328,
    "p99_terminal_distance": 32.91472625732422,
    "reset_state_l2_mean": 0.0,
    "terminal_distance_mean": 2.510667324066162
  },
  "recipe": {
    "action_dim": 3,
    "bc_low_checkpoint": null,
    "clip_coef": 0.2,
    "dataset": "/home/digarcia/Desktop/hierarchical_control_from_latent_poc/data/rl_reachability_debug/full_reset_mixture_oracle_demo4_bc2_run22_2.h5",
    "distance_progress_weight": 1.0,
    "dpsi_checkpoint": null,
    "dpsi_target_scale": 1000.0,
    "entropy_coef": 0.0,
    "gae_lambda": 0.95,
    "gamma": 0.99,
    "goal_dim": 28,
    "goal_type": "full",
    "horizon": 10,
    "init_checkpoint": "results/incremental/rl_reachability_debug/run22_full_goal_recomputed_penalty10_continue2_u1000/privileged_full_ppo_progress_terminal_n4096_seed0/latest.pt",
    "init_global_step": 92160000,
    "init_history_updates": 1000,
    "initial_logstd": -1.0,
    "learning_rate": 0.0003,
    "max_grad_norm": 1.0,
    "minibatch_size": 5120,
    "normalizer_fit_actions": 1966080,
    "normalizer_fit_goals": 9338880,
    "normalizer_fit_states": 1998848,
    "normalizer_source": "results/incremental/rl_reachability_debug/run22_full_goal_recomputed_penalty10_continue2_u1000/privileged_full_ppo_progress_terminal_n4096_seed0/latest.pt",
    "num_envs": 4096,
    "num_minibatches": 8,
    "recompute_held_goal_features": true,
    "reward": "progress_terminal",
    "reward_distance_source": "true_goal",
    "reward_mode": "progress_terminal",
    "run": "rl_reachability_debug_run2_privileged_tcp_scratch_ppo",
    "samples_per_update": 40960,
    "state_dim": 31,
    "success_epsilon": 0.0025,
    "teacher_action_penalty_weight": 1.0,
    "terminal_weight": 1.0,
    "total_env_steps": 10240000,
    "update_epochs": 3,
    "updates": 250,
    "value_coef": 1.0
  },
  "trained_eval": {
    "action_l2_mean": 0.562527890153197,
    "action_saturation": 0.0153411865234375,
    "distance_reduction_mean": 10.951408386230469,
    "fraction_improved_from_start": 0.965972900390625,
    "goal_reach_rate_eps": 3.0517578125e-05,
    "initial_distance_mean": 13.519636154174805,
    "local_episodes": 32768,
    "p50_terminal_distance": 1.2992491722106934,
    "p90_terminal_distance": 3.991396903991699,
    "p99_terminal_distance": 35.12541961669922,
    "reset_state_l2_mean": 0.0,
    "terminal_distance_mean": 2.5682268142700195
  },
  "trained_shuffled_goal_eval": {
    "action_l2_mean": 0.5937429824242493,
    "action_saturation": 0.022735595703125,
    "distance_reduction_mean": 7.191307067871094,
    "fraction_improved_from_start": 0.733856201171875,
    "goal_reach_rate_eps": 0.0,
    "initial_distance_mean": 13.519636154174805,
    "local_episodes": 32768,
    "p50_terminal_distance": 4.669975280761719,
    "p90_terminal_distance": 10.192904472351074,
    "p99_terminal_distance": 46.947837829589844,
    "reset_state_l2_mean": 0.0,
    "terminal_distance_mean": 6.328329086303711
  }
}